#id	length	GC	avg.qual	sample
m84073_231201_024147_s2/257234138/ccs	623	57.14	40.00	5C
m84073_231201_024147_s2/252056293/ccs	332	44.58	40.00	5C
m84073_231201_024147_s2/240848128/ccs	184	43.48	40.00	5C
m84073_231201_024147_s2/235343578/ccs	637	58.40	22.48	5C
m84073_231201_024147_s2/235542154/ccs	475	56.00	39.47	5C
m84073_231201_024147_s2/241569477/ccs	622	56.91	40.00	5C
m84073_231201_024147_s2/264246168/ccs	710	39.01	40.00	5C
m84073_231201_024147_s2/236000203/ccs	623	56.98	40.00	5C
m84073_231201_024147_s2/236066506/ccs	1069	41.44	37.13	5C
m84073_231201_024147_s2/253170464/ccs	794	48.24	29.15	5C
m84073_231201_024147_s2/242552739/ccs	683	51.83	31.11	5C
m84073_231201_024147_s2/242554207/ccs	350	40.00	33.81	5C
m84073_231201_024147_s2/237047053/ccs	524	60.31	40.00	5C
m84073_231201_024147_s2/242751072/ccs	603	52.74	35.76	5C
m84073_231201_024147_s2/237311354/ccs	346	40.46	39.92	5C
m84073_231201_024147_s2/260248286/ccs	30	60.00	40.00	5C
m84073_231201_024147_s2/260312432/ccs	338	47.93	40.00	5C
m84073_231201_024147_s2/237768341/ccs	346	40.46	40.00	5C
m84073_231201_024147_s2/243731979/ccs	346	40.46	40.00	5C
m84073_231201_024147_s2/250940754/ccs	46	43.48	40.00	5C
m84073_231201_024147_s2/245240991/ccs	552	48.73	30.75	5C
m84073_231201_024147_s2/262147431/ccs	23	47.83	16.38	5C
m84073_231201_024147_s2/245633652/ccs	349	42.41	40.00	5C
m84073_231201_024147_s2/239998670/ccs	1142	53.50	21.17	5C
m84073_231201_024147_s2/251598053/ccs	891	49.94	40.00	5C
m84073_231201_024147_s2/201332540/ccs	297	36.03	31.07	5C
m84073_231201_024147_s2/207491527/ccs	634	58.83	40.00	5C
m84073_231201_024147_s2/201921278/ccs	349	42.41	40.00	5C
m84073_231201_024147_s2/218895057/ccs	429	51.75	31.33	5C
m84073_231201_024147_s2/208015379/ccs	398	47.99	40.00	5C
m84073_231201_024147_s2/230232800/ccs	355	40.56	39.77	5C
m84073_231201_024147_s2/219286654/ccs	628	57.64	40.00	5C
m84073_231201_024147_s2/219288045/ccs	634	43.69	23.91	5C
m84073_231201_024147_s2/219483181/ccs	349	42.12	39.77	5C
m84073_231201_024147_s2/219484735/ccs	345	40.29	40.00	5C
m84073_231201_024147_s2/224988505/ccs	286	42.31	40.00	5C
m84073_231201_024147_s2/208540332/ccs	705	55.18	40.00	5C
m84073_231201_024147_s2/202970675/ccs	199	33.17	40.00	5C
m84073_231201_024147_s2/208736259/ccs	897	49.94	24.23	5C
m84073_231201_024147_s2/214438367/ccs	637	59.03	29.95	5C
m84073_231201_024147_s2/214633546/ccs	399	56.14	26.65	5C
m84073_231201_024147_s2/225775099/ccs	74	39.19	40.00	5C
m84073_231201_024147_s2/225711408/ccs	508	60.83	39.98	5C
m84073_231201_024147_s2/225776467/ccs	891	50.28	39.99	5C
m84073_231201_024147_s2/225776416/ccs	706	54.67	40.00	5C
m84073_231201_024147_s2/214895624/ccs	623	57.14	40.00	5C
m84073_231201_024147_s2/231871454/ccs	512	60.74	29.56	5C
m84073_231201_024147_s2/215158392/ccs	716	56.15	40.00	5C
m84073_231201_024147_s2/204083756/ccs	710	39.01	38.92	5C
m84073_231201_024147_s2/221187295/ccs	798	54.64	24.84	5C
m84073_231201_024147_s2/210245014/ccs	318	55.35	40.00	5C
m84073_231201_024147_s2/204410130/ccs	1209	50.62	31.93	5C
m84073_231201_024147_s2/210374601/ccs	477	53.46	23.62	5C
m84073_231201_024147_s2/221583099/ccs	504	60.71	40.00	5C
m84073_231201_024147_s2/232919893/ccs	346	42.20	40.00	5C
m84073_231201_024147_s2/221843971/ccs	345	40.29	27.92	5C
m84073_231201_024147_s2/221976279/ccs	22	50.00	40.00	5C
m84073_231201_024147_s2/205068008/ccs	345	40.29	40.00	5C
m84073_231201_024147_s2/216273665/ccs	346	40.46	40.00	5C
m84073_231201_024147_s2/222237095/ccs	354	40.68	40.00	5C
m84073_231201_024147_s2/227284328/ccs	1069	41.44	23.31	5C
m84073_231201_024147_s2/222500336/ccs	29	62.07	31.05	5C
m84073_231201_024147_s2/233639438/ccs	301	36.54	39.88	5C
m84073_231201_024147_s2/233641564/ccs	623	57.14	39.94	5C
m84073_231201_024147_s2/216534149/ccs	348	40.80	21.56	5C
m84073_231201_024147_s2/222958605/ccs	346	40.46	39.97	5C
m84073_231201_024147_s2/211816218/ccs	346	40.17	39.95	5C
m84073_231201_024147_s2/216994520/ccs	508	60.83	40.00	5C
m84073_231201_024147_s2/234427677/ccs	1068	41.39	28.15	5C
m84073_231201_024147_s2/212145814/ccs	721	47.30	22.35	5C
m84073_231201_024147_s2/223546600/ccs	332	44.58	40.00	5C
m84073_231201_024147_s2/234821209/ccs	14	35.71	40.00	5C
m84073_231201_024147_s2/228789684/ccs	623	56.98	40.00	5C
m84073_231201_024147_s2/217781610/ccs	332	44.58	40.00	5C
m84073_231201_024147_s2/206640789/ccs	346	40.46	29.58	5C
m84073_231201_024147_s2/173676453/ccs	1067	53.23	40.00	5C
m84073_231201_024147_s2/185142589/ccs	262	51.53	39.96	5C
m84073_231201_024147_s2/173741496/ccs	345	40.29	40.00	5C
m84073_231201_024147_s2/196220639/ccs	893	50.39	28.71	5C
m84073_231201_024147_s2/178918798/ccs	96	39.58	40.00	5C
m84073_231201_024147_s2/178984410/ccs	632	56.49	27.91	5C
m84073_231201_024147_s2/229248017/ccs	0	0.00	27.91	5C
m84073_231201_024147_s2/196611485/ccs	456	29.17	39.41	5C
m84073_231201_024147_s2/174263734/ccs	346	45.09	40.00	5C
m84073_231201_024147_s2/190254278/ccs	35	51.43	40.00	5C
m84073_231201_024147_s2/185733629/ccs	354	40.68	28.92	5C
m84073_231201_024147_s2/190386586/ccs	346	40.46	21.67	5C
m84073_231201_024147_s2/190517424/ccs	7	28.57	40.00	5C
m84073_231201_024147_s2/174462019/ccs	518	60.42	40.00	5C
m84073_231201_024147_s2/174592807/ccs	1069	41.16	39.01	5C
m84073_231201_024147_s2/186062714/ccs	1038	40.37	40.00	5C
m84073_231201_024147_s2/190844659/ccs	346	40.46	40.00	5C
m84073_231201_024147_s2/190977152/ccs	346	40.46	36.39	5C
m84073_231201_024147_s2/186193195/ccs	893	50.28	24.47	5C
m84073_231201_024147_s2/186257738/ccs	1213	52.93	40.00	5C
m84073_231201_024147_s2/186520799/ccs	1219	53.73	26.27	5C
m84073_231201_024147_s2/169481934/ccs	87	29.89	27.91	5C
m84073_231201_024147_s2/169611390/ccs	892	50.34	38.26	5C
m84073_231201_024147_s2/187110321/ccs	654	58.10	32.56	5C
m84073_231201_024147_s2/192024679/ccs	1329	36.34	40.00	5C
m84073_231201_024147_s2/175904079/ccs	892	50.11	21.22	5C
m84073_231201_024147_s2/198383233/ccs	0	0.00	21.22	5C
m84073_231201_024147_s2/198643049/ccs	338	47.93	35.59	5C
m84073_231201_024147_s2/192287636/ccs	345	40.58	37.53	5C
m84073_231201_024147_s2/181407988/ccs	337	47.48	40.00	5C
m84073_231201_024147_s2/198841004/ccs	1082	40.20	34.88	5C
m84073_231201_024147_s2/198906531/ccs	1069	41.44	40.00	5C
m84073_231201_024147_s2/187830345/ccs	476	53.36	40.00	5C
m84073_231201_024147_s2/176689326/ccs	684	45.47	39.62	5C
m84073_231201_024147_s2/181868431/ccs	354	39.83	40.00	5C
m84073_231201_024147_s2/176886252/ccs	349	42.41	40.00	5C
m84073_231201_024147_s2/182324497/ccs	157	53.50	40.00	5C
m84073_231201_024147_s2/177476153/ccs	349	40.11	24.01	5C
m84073_231201_024147_s2/199756824/ccs	349	42.41	40.00	5C
m84073_231201_024147_s2/199888384/ccs	298	47.65	40.00	5C
m84073_231201_024147_s2/193662067/ccs	345	40.29	34.80	5C
m84073_231201_024147_s2/178196746/ccs	1411	44.15	20.64	5C
m84073_231201_024147_s2/172100864/ccs	349	42.41	21.87	5C
m84073_231201_024147_s2/200543348/ccs	345	40.29	40.00	5C
m84073_231201_024147_s2/178720091/ccs	826	51.45	40.00	5C
m84073_231201_024147_s2/189926826/ccs	348	40.80	27.38	5C
m84073_231201_024147_s2/200742050/ccs	470	52.55	23.45	5C
m84073_231201_024147_s2/194516095/ccs	711	57.38	39.95	5C
m84073_231201_024147_s2/139794181/ccs	1197	58.98	25.25	5C
m84073_231201_024147_s2/183700767/ccs	624	57.05	24.12	5C
m84073_231201_024147_s2/200872806/ccs	624	57.21	40.00	5C
m84073_231201_024147_s2/151458631/ccs	474	55.91	24.18	5C
m84073_231201_024147_s2/201199210/ccs	315	52.06	40.00	5C
m84073_231201_024147_s2/162207120/ccs	349	42.41	40.00	5C
m84073_231201_024147_s2/173216508/ccs	733	51.98	40.00	5C
m84073_231201_024147_s2/173281616/ccs	623	56.98	23.40	5C
m84073_231201_024147_s2/195302715/ccs	591	44.50	23.09	5C
m84073_231201_024147_s2/134222592/ccs	346	40.46	39.28	5C
m84073_231201_024147_s2/151981597/ccs	1069	41.44	40.00	5C
m84073_231201_024147_s2/141036659/ccs	709	53.17	26.56	5C
m84073_231201_024147_s2/146019349/ccs	890	50.22	40.00	5C
m84073_231201_024147_s2/156831139/ccs	199	33.17	40.00	5C
m84073_231201_024147_s2/156832671/ccs	29	62.07	40.00	5C
m84073_231201_024147_s2/156832941/ccs	332	44.58	40.00	5C
m84073_231201_024147_s2/157226714/ccs	892	50.34	40.00	5C
m84073_231201_024147_s2/141954587/ccs	891	50.17	25.48	5C
m84073_231201_024147_s2/163777808/ccs	346	40.46	40.00	5C
m84073_231201_024147_s2/157617979/ccs	332	44.58	40.00	5C
m84073_231201_024147_s2/146871309/ccs	158	39.24	22.31	5C
m84073_231201_024147_s2/158011498/ccs	348	39.94	21.36	5C
m84073_231201_024147_s2/142284433/ccs	349	42.41	40.00	5C
m84073_231201_024147_s2/164171482/ccs	872	53.33	26.41	5C
m84073_231201_024147_s2/136383830/ccs	354	40.68	40.00	5C
m84073_231201_024147_s2/153751775/ccs	345	40.29	40.00	5C
m84073_231201_024147_s2/147591032/ccs	333	44.74	29.94	5C
m84073_231201_024147_s2/143135236/ccs	121	45.45	40.00	5C
m84073_231201_024147_s2/136777110/ccs	678	33.04	23.10	5C
m84073_231201_024147_s2/136908165/ccs	624	57.05	20.66	5C
m84073_231201_024147_s2/159190020/ccs	326	46.93	33.60	5C
m84073_231201_024147_s2/165156174/ccs	29	62.07	39.69	5C
m84073_231201_024147_s2/144118594/ccs	504	60.91	40.00	5C
m84073_231201_024147_s2/137235942/ccs	804	53.11	40.00	5C
m84073_231201_024147_s2/144316087/ccs	508	60.83	39.98	5C
m84073_231201_024147_s2/137301095/ccs	510	60.78	35.28	5C
m84073_231201_024147_s2/144447154/ccs	350	42.57	21.17	5C
m84073_231201_024147_s2/154670625/ccs	345	40.29	40.00	5C
m84073_231201_024147_s2/165418859/ccs	892	50.34	40.00	5C
m84073_231201_024147_s2/137434216/ccs	890	50.45	20.46	5C
m84073_231201_024147_s2/137565583/ccs	320	54.06	39.72	5C
m84073_231201_024147_s2/145101279/ccs	640	57.50	38.82	5C
m84073_231201_024147_s2/137891150/ccs	475	56.00	39.98	5C
m84073_231201_024147_s2/106304491/ccs	0	0.00	39.98	5C
m84073_231201_024147_s2/155257937/ccs	1069	41.44	40.00	5C
m84073_231201_024147_s2/137958786/ccs	891	50.28	27.46	5C
m84073_231201_024147_s2/155326210/ccs	353	41.93	34.15	5C
m84073_231201_024147_s2/106960146/ccs	1068	41.20	25.75	5C
m84073_231201_024147_s2/149624017/ccs	1097	41.02	26.31	5C
m84073_231201_024147_s2/166795147/ccs	349	42.41	40.00	5C
m84073_231201_024147_s2/160699948/ccs	623	56.98	40.00	5C
m84073_231201_024147_s2/155915597/ccs	623	57.14	40.00	5C
m84073_231201_024147_s2/139007016/ccs	331	45.02	25.61	5C
m84073_231201_024147_s2/107942186/ccs	908	39.65	23.78	5C
m84073_231201_024147_s2/156504971/ccs	29	62.07	40.00	5C
m84073_231201_024147_s2/108269854/ccs	349	42.41	40.00	5C
m84073_231201_024147_s2/128652705/ccs	157	53.50	40.00	5C
m84073_231201_024147_s2/108466389/ccs	11	45.45	40.00	5C
m84073_231201_024147_s2/128980021/ccs	892	50.34	40.00	5C
m84073_231201_024147_s2/108597873/ccs	349	42.41	40.00	5C
m84073_231201_024147_s2/161811806/ccs	1067	41.52	25.59	5C
m84073_231201_024147_s2/118165661/ccs	1595	45.08	24.42	5C
m84073_231201_024147_s2/118231961/ccs	622	57.07	30.41	5C
m84073_231201_024147_s2/162010456/ccs	1250	47.44	26.29	5C
m84073_231201_024147_s2/118624251/ccs	623	56.98	22.39	5C
m84073_231201_024147_s2/101256384/ccs	476	53.36	35.09	5C
m84073_231201_024147_s2/129569685/ccs	348	40.52	21.74	5C
m84073_231201_024147_s2/101258905/ccs	634	58.83	40.00	5C
m84073_231201_024147_s2/129570682/ccs	750	58.13	40.00	5C
m84073_231201_024147_s2/101388494/ccs	84	38.10	38.38	5C
m84073_231201_024147_s2/112267552/ccs	318	54.72	40.00	5C
m84073_231201_024147_s2/119279654/ccs	1059	48.73	40.00	5C
m84073_231201_024147_s2/119280055/ccs	892	50.34	27.91	5C
m84073_231201_024147_s2/130288883/ccs	1330	47.67	27.28	5C
m84073_231201_024147_s2/130288865/ccs	346	40.46	40.00	5C
m84073_231201_024147_s2/130682927/ccs	509	60.90	27.51	5C
m84073_231201_024147_s2/113118397/ccs	623	56.98	40.00	5C
m84073_231201_024147_s2/109975015/ccs	71	40.85	20.67	5C
m84073_231201_024147_s2/130750051/ccs	892	50.34	22.55	5C
m84073_231201_024147_s2/102241301/ccs	1069	41.44	40.00	5C
m84073_231201_024147_s2/113315445/ccs	258	44.57	40.00	5C
m84073_231201_024147_s2/113316267/ccs	349	42.41	40.00	5C
m84073_231201_024147_s2/113446874/ccs	508	60.83	32.94	5C
m84073_231201_024147_s2/124391609/ccs	732	34.70	27.23	5C
m84073_231201_024147_s2/113710337/ccs	354	40.68	40.00	5C
m84073_231201_024147_s2/120132737/ccs	346	40.46	40.00	5C
m84073_231201_024147_s2/114036025/ccs	346	40.46	40.00	5C
m84073_231201_024147_s2/120393902/ccs	73	45.21	36.58	5C
m84073_231201_024147_s2/120393834/ccs	157	53.50	40.00	5C
m84073_231201_024147_s2/124915759/ccs	623	56.82	40.00	5C
m84073_231201_024147_s2/120589962/ccs	484	35.54	26.38	5C
m84073_231201_024147_s2/125177912/ccs	669	45.89	25.75	5C
m84073_231201_024147_s2/131665253/ccs	345	40.29	40.00	5C
m84073_231201_024147_s2/125308675/ccs	510	60.78	40.00	5C
m84073_231201_024147_s2/125373607/ccs	1069	41.44	40.00	5C
m84073_231201_024147_s2/131798441/ccs	347	40.06	23.04	5C
m84073_231201_024147_s2/121179181/ccs	346	43.93	40.00	5C
m84073_231201_024147_s2/125571285/ccs	354	40.40	40.00	5C
m84073_231201_024147_s2/125571926/ccs	349	42.41	39.74	5C
m84073_231201_024147_s2/125898866/ccs	0	0.00	39.74	5C
m84073_231201_024147_s2/132322287/ccs	634	58.83	25.41	5C
m84073_231201_024147_s2/132322301/ccs	951	48.05	40.00	5C
m84073_231201_024147_s2/121573220/ccs	355	47.32	26.23	5C
m84073_231201_024147_s2/73077014/ccs	1082	40.94	29.38	5C
m84073_231201_024147_s2/115282309/ccs	635	58.90	31.21	5C
m84073_231201_024147_s2/121704846/ccs	344	40.12	20.74	5C
m84073_231201_024147_s2/132582960/ccs	349	42.41	33.99	5C
m84073_231201_024147_s2/104008756/ccs	346	40.46	34.08	5C
m84073_231201_024147_s2/121837203/ccs	733	51.84	40.00	5C
m84073_231201_024147_s2/121967072/ccs	1224	33.25	21.98	5C
m84073_231201_024147_s2/132716124/ccs	724	47.10	40.00	5C
m84073_231201_024147_s2/126620243/ccs	636	58.96	25.80	5C
m84073_231201_024147_s2/104927566/ccs	1068	41.39	39.25	5C
m84073_231201_024147_s2/122492216/ccs	623	56.98	40.00	5C
m84073_231201_024147_s2/122555662/ccs	29	62.07	34.83	5C
m84073_231201_024147_s2/122558275/ccs	339	47.79	40.00	5C
m84073_231201_024147_s2/105125768/ccs	696	55.32	27.36	5C
m84073_231201_024147_s2/74584564/ccs	346	40.46	40.00	5C
m84073_231201_024147_s2/74648942/ccs	891	49.94	24.85	5C
m84073_231201_024147_s2/74649472/ccs	349	42.41	24.71	5C
m84073_231201_024147_s2/116658737/ccs	165	55.15	24.11	5C
m84073_231201_024147_s2/123014648/ccs	73	45.21	20.33	5C
m84073_231201_024147_s2/127604023/ccs	508	60.83	40.00	5C
m84073_231201_024147_s2/105712913/ccs	628	57.48	40.00	5C
m84073_231201_024147_s2/75239160/ccs	0	0.00	40.00	5C
m84073_231201_024147_s2/127800191/ccs	860	49.07	40.00	5C
m84073_231201_024147_s2/105845695/ccs	103	50.49	40.00	5C
m84073_231201_024147_s2/105910791/ccs	404	52.48	40.00	5C
m84073_231201_024147_s2/84479722/ccs	353	42.21	25.61	5C
m84073_231201_024147_s2/105976466/ccs	623	57.14	40.00	5C
m84073_231201_024147_s2/128063007/ccs	1069	41.44	39.25	5C
m84073_231201_024147_s2/95621589/ccs	1070	41.21	22.22	5C
m84073_231201_024147_s2/84743374/ccs	354	40.68	40.00	5C
m84073_231201_024147_s2/128388384/ccs	29	62.07	39.69	5C
m84073_231201_024147_s2/84938181/ccs	346	40.46	40.00	5C
m84073_231201_024147_s2/95949160/ccs	349	42.41	29.17	5C
m84073_231201_024147_s2/75764910/ccs	633	57.82	35.07	5C
m84073_231201_024147_s2/128585241/ccs	604	52.81	39.66	5C
m84073_231201_024147_s2/96145700/ccs	697	39.89	29.44	5C
m84073_231201_024147_s2/76025445/ccs	349	42.41	23.74	5C
m84073_231201_024147_s2/96474167/ccs	15	40.00	40.00	5C
m84073_231201_024147_s2/76484522/ccs	319	43.26	27.01	5C
m84073_231201_024147_s2/96801195/ccs	29	62.07	34.83	5C
m84073_231201_024147_s2/79434078/ccs	358	39.94	22.71	5C
m84073_231201_024147_s2/79498873/ccs	332	44.58	40.00	5C
m84073_231201_024147_s2/90247130/ccs	623	56.98	40.00	5C
m84073_231201_024147_s2/76746262/ccs	337	48.07	22.34	5C
m84073_231201_024147_s2/85986410/ccs	361	41.00	27.13	5C
m84073_231201_024147_s2/90640350/ccs	346	40.46	33.20	5C
m84073_231201_024147_s2/86708166/ccs	508	60.83	40.00	5C
m84073_231201_024147_s2/69014818/ccs	1069	41.44	40.00	5C
m84073_231201_024147_s2/77337533/ccs	1208	50.17	39.99	5C
m84073_231201_024147_s2/97785444/ccs	356	38.76	40.00	5C
m84073_231201_024147_s2/97850953/ccs	707	54.31	22.47	5C
m84073_231201_024147_s2/77598049/ccs	1069	41.44	30.26	5C
m84073_231201_024147_s2/98111588/ccs	660	54.85	30.03	5C
m84073_231201_024147_s2/69603167/ccs	396	36.87	40.00	5C
m84073_231201_024147_s2/77794683/ccs	103	50.49	27.94	5C
m84073_231201_024147_s2/91688456/ccs	480	53.33	20.91	5C
m84073_231201_024147_s2/87365440/ccs	346	40.46	40.00	5C
m84073_231201_024147_s2/69997838/ccs	1160	55.09	31.77	5C
m84073_231201_024147_s2/87429851/ccs	0	0.00	31.77	5C
m84073_231201_024147_s2/70127135/ccs	346	40.46	40.00	5C
m84073_231201_024147_s2/92279093/ccs	229	34.50	40.00	5C
m84073_231201_024147_s2/98965145/ccs	476	54.41	40.00	5C
m84073_231201_024147_s2/70719078/ccs	462	48.70	40.00	5C
m84073_231201_024147_s2/71044370/ccs	514	60.51	25.36	5C
m84073_231201_024147_s2/100078811/ccs	798	48.12	26.10	5C
m84073_231201_024147_s2/93392645/ccs	1301	51.81	20.65	5C
m84073_231201_024147_s2/88870930/ccs	345	40.00	40.00	5C
m84073_231201_024147_s2/100339820/ccs	346	40.46	40.00	5C
m84073_231201_024147_s2/71569315/ccs	1069	41.44	22.99	5C
m84073_231201_024147_s2/40963431/ccs	349	42.41	40.00	5C
m84073_231201_024147_s2/93590767/ccs	1069	41.44	40.00	5C
m84073_231201_024147_s2/93655253/ccs	623	56.82	40.00	5C
m84073_231201_024147_s2/89329925/ccs	346	42.20	40.00	5C
m84073_231201_024147_s2/83496576/ccs	346	40.46	40.00	5C
m84073_231201_024147_s2/94768826/ccs	476	53.36	40.00	5C
m84073_231201_024147_s2/94769765/ccs	636	60.53	40.00	5C
m84073_231201_024147_s2/62917674/ccs	1069	41.53	24.67	5C
m84073_231201_024147_s2/94834730/ccs	476	53.57	40.00	5C
m84073_231201_024147_s2/51384218/ccs	349	42.41	40.00	5C
m84073_231201_024147_s2/42536962/ccs	1072	41.32	29.08	5C
m84073_231201_024147_s2/55973337/ccs	106	50.00	40.00	5C
m84073_231201_024147_s2/52041269/ccs	346	40.46	40.00	5C
m84073_231201_024147_s2/45290672/ccs	345	40.29	40.00	5C
m84073_231201_024147_s2/56627193/ccs	623	57.14	39.61	5C
m84073_231201_024147_s2/56824194/ccs	715	56.08	36.94	5C
m84073_231201_024147_s2/52498850/ccs	533	59.10	23.83	5C
m84073_231201_024147_s2/43781929/ccs	275	46.91	40.00	5C
m84073_231201_024147_s2/52630924/ccs	1066	41.46	40.00	5C
m84073_231201_024147_s2/35263262/ccs	418	48.33	39.19	5C
m84073_231201_024147_s2/45813729/ccs	705	55.18	40.00	5C
m84073_231201_024147_s2/35459069/ccs	1067	53.05	40.00	5C
m84073_231201_024147_s2/64295678/ccs	350	42.29	28.76	5C
m84073_231201_024147_s2/46009729/ccs	349	42.41	24.55	5C
m84073_231201_024147_s2/52893293/ccs	352	39.20	40.00	5C
m84073_231201_024147_s2/64558104/ccs	243	47.33	40.00	5C
m84073_231201_024147_s2/53220386/ccs	894	50.22	24.55	5C
m84073_231201_024147_s2/53415956/ccs	1069	41.44	40.00	5C
m84073_231201_024147_s2/35983416/ccs	339	40.41	25.93	5C
m84073_231201_024147_s2/44699480/ccs	347	42.07	27.25	5C
m84073_231201_024147_s2/36180809/ccs	1194	50.84	40.00	5C
m84073_231201_024147_s2/58330746/ccs	346	41.04	38.79	5C
m84073_231201_024147_s2/65211815/ccs	623	57.30	27.50	5C
m84073_231201_024147_s2/240911763/ccs	343	47.81	26.09	5C
m84073_231201_024147_s2/54203470/ccs	111	54.95	26.67	5C
m84073_231201_024147_s2/47125250/ccs	719	51.32	19.24	5C
m84073_231201_024147_s2/58789932/ccs	623	57.14	21.10	5C
m84073_231201_024147_s2/36967146/ccs	1177	56.16	20.15	5C
m84073_231201_024147_s2/54923591/ccs	7	28.57	40.00	5C
m84073_231201_024147_s2/37228606/ccs	891	50.28	28.36	5C
m84073_231201_024147_s2/55121229/ccs	349	42.41	40.00	5C
m84073_231201_024147_s2/66260713/ccs	634	58.83	40.00	5C
m84073_231201_024147_s2/37294259/ccs	704	55.68	40.00	5C
m84073_231201_024147_s2/55382193/ccs	623	56.98	39.38	5C
m84073_231201_024147_s2/59708218/ccs	892	50.34	39.04	5C
m84073_231201_024147_s2/242550186/ccs	354	40.68	40.00	5C
m84073_231201_024147_s2/242812896/ccs	346	42.20	24.78	5C
m84073_231201_024147_s2/60034116/ccs	603	54.23	39.97	5C
m84073_231201_024147_s2/38472865/ccs	504	60.71	40.00	5C
m84073_231201_024147_s2/38474398/ccs	623	57.30	39.86	5C
m84073_231201_024147_s2/60230672/ccs	356	40.73	19.37	5C
m84073_231201_024147_s2/38671055/ccs	706	54.82	40.00	5C
m84073_231201_024147_s2/243795517/ccs	1070	41.40	31.65	5C
m84073_231201_024147_s2/49156330/ccs	834	43.53	40.00	5C
m84073_231201_024147_s2/252578644/ccs	29	62.07	34.73	5C
m84073_231201_024147_s2/49417269/ccs	354	40.40	27.50	5C
m84073_231201_024147_s2/49354217/ccs	476	53.36	40.00	5C
m84073_231201_024147_s2/235275685/ccs	711	53.31	22.93	5C
m84073_231201_024147_s2/253167470/ccs	508	60.83	40.00	5C
m84073_231201_024147_s2/235734139/ccs	346	40.46	35.20	5C
m84073_231201_024147_s2/236324808/ccs	1069	41.44	40.00	5C
m84073_231201_024147_s2/246677947/ccs	1069	41.44	40.00	5C
m84073_231201_024147_s2/236521264/ccs	345	40.29	25.06	5C
m84073_231201_024147_s2/245563787/ccs	349	42.41	29.78	5C
m84073_231201_024147_s2/266733051/ccs	349	42.41	25.45	5C
m84073_231201_024147_s2/7344416/ccs	408	39.71	40.00	5C
m84073_231201_024147_s2/248709538/ccs	716	43.85	27.31	5C
m84073_231201_024147_s2/256705336/ccs	714	53.78	32.10	5C
m84073_231201_024147_s2/239010914/ccs	1078	40.45	40.00	5C
m84073_231201_024147_s2/239076514/ccs	776	41.88	40.00	5C
m84073_231201_024147_s2/9310102/ccs	625	57.28	24.11	5C
m84073_231201_024147_s2/261685740/ccs	346	40.46	33.43	5C
m84073_231201_024147_s2/18092804/ccs	1070	41.40	36.61	5C
m84073_231201_024147_s2/10031296/ccs	623	56.98	40.00	5C
m84073_231201_024147_s2/11865890/ccs	1069	41.44	40.00	5C
m84073_231201_024147_s2/19533196/ccs	623	56.66	40.00	5C
m84073_231201_024147_s2/19993891/ccs	517	60.74	26.17	5C
m84073_231201_024147_s2/31330648/ccs	273	42.12	24.21	5C
m84073_231201_024147_s2/23795182/ccs	86	45.35	40.00	5C
m84073_231201_024147_s2/23991388/ccs	349	42.41	40.00	5C
m84073_231201_024147_s2/20713716/ccs	709	38.93	29.42	5C
m84073_231201_024147_s2/208275170/ccs	576	52.26	40.00	5C
m84073_231201_024147_s2/24710683/ccs	508	60.83	40.00	5C
m84073_231201_024147_s2/24775704/ccs	320	54.37	27.32	5C
m84073_231201_024147_s2/24908080/ccs	338	47.93	40.00	5C
m84073_231201_024147_s2/32641893/ccs	354	40.68	19.05	5C
m84073_231201_024147_s2/14618413/ccs	1069	41.25	23.83	5C
m84073_231201_024147_s2/25038704/ccs	346	40.46	39.77	5C
m84073_231201_024147_s2/25234726/ccs	35	51.43	31.76	5C
m84073_231201_024147_s2/22025266/ccs	1069	41.44	35.12	5C
m84073_231201_024147_s2/229378230/ccs	0	0.00	35.12	5C
m84073_231201_024147_s2/26152192/ccs	819	43.59	29.98	5C
m84073_231201_024147_s2/26219563/ccs	891	49.94	40.00	5C
m84073_231201_024147_s2/210897225/ccs	345	40.29	40.00	5C
m84073_231201_024147_s2/230033988/ccs	478	53.14	28.54	5C
m84073_231201_024147_s2/211092591/ccs	1069	41.44	40.00	5C
m84073_231201_024147_s2/219548432/ccs	260	51.15	39.93	5C
m84073_231201_024147_s2/27659897/ccs	349	42.41	40.00	5C
m84073_231201_024147_s2/231082665/ccs	347	44.96	33.43	5C
m84073_231201_024147_s2/39191354/ccs	619	51.21	39.98	5C
m84073_231201_024147_s2/202508062/ccs	1074	41.43	23.09	5C
m84073_231201_024147_s2/224266506/ccs	481	53.22	23.96	5C
m84073_231201_024147_s2/39586557/ccs	317	54.89	26.08	5C
m84073_231201_024147_s2/231475989/ccs	389	43.19	22.39	5C
m84073_231201_024147_s2/39651911/ccs	635	58.90	25.24	5C
m84073_231201_024147_s2/213845044/ccs	348	42.24	22.15	5C
m84073_231201_024147_s2/221121232/ccs	622	57.07	25.67	5C
m84073_231201_024147_s2/203491057/ccs	116	43.97	32.87	5C
m84073_231201_024147_s2/203556682/ccs	634	58.83	40.00	5C
m84073_231201_024147_s2/203620531/ccs	29	62.07	40.00	5C
m84073_231201_024147_s2/41157216/ccs	709	57.40	22.53	5C
m84073_231201_024147_s2/41223172/ccs	562	61.57	27.64	5C
m84073_231201_024147_s2/41550862/ccs	389	43.19	40.00	5C
m84073_231201_024147_s2/204344053/ccs	345	40.29	40.00	5C
m84073_231201_024147_s2/204409813/ccs	636	60.53	40.00	5C
m84073_231201_024147_s2/214827707/ccs	133	46.62	40.00	5C
m84073_231201_024147_s2/204540793/ccs	767	38.98	29.19	5C
m84073_231201_024147_s2/42009343/ccs	457	54.05	27.50	5C
m84073_231201_024147_s2/204865987/ccs	648	46.14	40.00	5C
m84073_231201_024147_s2/204932618/ccs	750	58.13	29.96	5C
m84073_231201_024147_s2/204933787/ccs	346	40.46	40.00	5C
m84073_231201_024147_s2/215679843/ccs	512	60.74	39.98	5C
m84073_231201_024147_s2/43124206/ccs	890	50.22	27.68	5C
m84073_231201_024147_s2/223021851/ccs	337	54.60	40.00	5C
m84073_231201_024147_s2/43845273/ccs	70	61.43	40.00	5C
m84073_231201_024147_s2/227279744/ccs	1068	41.48	24.97	5C
m84073_231201_024147_s2/234554092/ccs	621	56.68	23.63	5C
m84073_231201_024147_s2/44173320/ccs	624	56.73	21.31	5C
m84073_231201_024147_s2/44237303/ccs	346	40.46	40.00	5C
m84073_231201_024147_s2/217123796/ccs	1073	41.29	29.84	5C
m84073_231201_024147_s2/234817674/ccs	349	42.41	40.00	5C
m84073_231201_024147_s2/44499832/ccs	1068	53.28	40.00	5C
m84073_231201_024147_s2/217515098/ccs	1069	41.44	37.04	5C
m84073_231201_024147_s2/50399223/ccs	628	57.48	22.36	5C
m84073_231201_024147_s2/206504527/ccs	624	57.05	40.00	5C
m84073_231201_024147_s2/228000412/ccs	346	40.46	24.71	5C
m84073_231201_024147_s2/228002617/ccs	732	48.63	29.40	5C
m84073_231201_024147_s2/51183938/ccs	476	53.36	40.00	5C
m84073_231201_024147_s2/6424634/ccs	156	56.41	23.99	5C
m84073_231201_024147_s2/45024457/ccs	452	55.31	25.56	5C
m84073_231201_024147_s2/33819090/ccs	476	53.36	40.00	5C
m84073_231201_024147_s2/45484514/ccs	706	55.24	20.35	5C
m84073_231201_024147_s2/51841948/ccs	461	36.88	40.00	5C
m84073_231201_024147_s2/63176861/ccs	563	46.54	40.00	5C
m84073_231201_024147_s2/52232511/ccs	345	40.29	40.00	5C
m84073_231201_024147_s2/63834499/ccs	349	42.41	37.86	5C
m84073_231201_024147_s2/63899652/ccs	703	44.10	20.86	5C
m84073_231201_024147_s2/35195064/ccs	400	42.00	28.35	5C
m84073_231201_024147_s2/56560581/ccs	355	51.55	22.81	5C
m84073_231201_024147_s2/35719381/ccs	512	61.13	38.30	5C
m84073_231201_024147_s2/54002748/ccs	716	56.15	30.09	5C
m84073_231201_024147_s2/58461050/ccs	623	56.98	40.00	5C
m84073_231201_024147_s2/58459287/ccs	351	42.17	25.53	5C
m84073_231201_024147_s2/37357256/ccs	80	65.00	40.00	5C
m84073_231201_024147_s2/59442611/ccs	514	60.51	40.00	5C
m84073_231201_024147_s2/59442302/ccs	349	42.41	22.60	5C
m84073_231201_024147_s2/54985337/ccs	332	44.58	40.00	5C
m84073_231201_024147_s2/59574639/ccs	68	64.71	19.63	5C
m84073_231201_024147_s2/37685262/ccs	623	57.30	40.00	5C
m84073_231201_024147_s2/55314730/ccs	355	40.28	39.75	5C
m84073_231201_024147_s2/66519884/ccs	298	47.65	40.00	5C
m84073_231201_024147_s2/49679260/ccs	348	40.52	26.20	5C
m84073_231201_024147_s2/49808884/ccs	892	50.34	40.00	5C
m84073_231201_024147_s2/50006007/ccs	126	57.94	40.00	5C
m84073_231201_024147_s2/38341101/ccs	619	57.03	24.03	5C
m84073_231201_024147_s2/60426366/ccs	709	53.17	26.49	5C
m84073_231201_024147_s2/17105738/ccs	349	42.41	24.35	5C
m84073_231201_024147_s2/28181444/ccs	1067	53.23	26.91	5C
m84073_231201_024147_s2/73861350/ccs	35	51.43	40.00	5C
m84073_231201_024147_s2/11799112/ccs	347	40.63	22.96	5C
m84073_231201_024147_s2/74450333/ccs	1163	55.20	40.00	5C
m84073_231201_024147_s2/18022662/ccs	0	0.00	40.00	5C
m84073_231201_024147_s2/74647525/ccs	455	62.64	40.00	5C
m84073_231201_024147_s2/29034092/ccs	1599	45.84	20.34	5C
m84073_231201_024147_s2/12780095/ccs	318	54.72	25.62	5C
m84073_231201_024147_s2/23070701/ccs	86	56.98	29.23	5C
m84073_231201_024147_s2/76088031/ccs	1068	41.48	22.23	5C
m84073_231201_024147_s2/23789759/ccs	29	62.07	40.00	5C
m84073_231201_024147_s2/13829368/ccs	683	51.10	21.92	5C
m84073_231201_024147_s2/31066513/ccs	29	62.07	30.31	5C
m84073_231201_024147_s2/24772995/ccs	349	42.41	23.92	5C
m84073_231201_024147_s2/77268266/ccs	68	64.71	40.00	5C
m84073_231201_024147_s2/77464319/ccs	622	56.91	23.91	5C
m84073_231201_024147_s2/77400281/ccs	398	47.99	32.09	5C
m84073_231201_024147_s2/20645712/ccs	1069	41.44	40.00	5C
m84073_231201_024147_s2/25430759/ccs	398	56.28	40.00	5C
m84073_231201_024147_s2/25758334/ccs	894	50.34	26.56	5C
m84073_231201_024147_s2/26151630/ccs	0	0.00	26.56	5C
m84073_231201_024147_s2/32571966/ccs	512	60.74	40.00	5C
m84073_231201_024147_s2/107088617/ccs	626	56.71	24.75	5C
m84073_231201_024147_s2/22087569/ccs	636	56.45	30.91	5C
m84073_231201_024147_s2/27002837/ccs	622	57.23	40.00	5C
m84073_231201_024147_s2/4786798/ccs	708	57.34	40.00	5C
m84073_231201_024147_s2/84542729/ccs	349	42.41	40.00	5C
m84073_231201_024147_s2/27789581/ccs	711	38.96	23.17	5C
m84073_231201_024147_s2/78252779/ccs	347	40.35	26.08	5C
m84073_231201_024147_s2/108267308/ccs	708	57.34	38.81	5C
m84073_231201_024147_s2/78644626/ccs	1084	40.22	37.16	5C
m84073_231201_024147_s2/67570393/ccs	623	57.30	40.00	5C
m84073_231201_024147_s2/89916543/ccs	120	45.83	40.00	5C
m84073_231201_024147_s2/67635759/ccs	349	42.41	39.92	5C
m84073_231201_024147_s2/108857052/ccs	29	55.17	17.59	5C
m84073_231201_024147_s2/90375381/ccs	623	57.14	39.86	5C
m84073_231201_024147_s2/85525576/ccs	476	53.36	40.00	5C
m84073_231201_024147_s2/96864420/ccs	951	48.05	39.57	5C
m84073_231201_024147_s2/85855220/ccs	11	45.45	40.00	5C
m84073_231201_024147_s2/90702807/ccs	976	53.07	40.00	5C
m84073_231201_024147_s2/79824220/ccs	8	62.50	34.39	5C
m84073_231201_024147_s2/109906900/ccs	349	42.41	27.96	5C
m84073_231201_024147_s2/97127012/ccs	1069	41.44	23.44	5C
m84073_231201_024147_s2/91293169/ccs	352	41.76	39.97	5C
m84073_231201_024147_s2/91490388/ccs	1068	41.39	20.26	5C
m84073_231201_024147_s2/87294005/ccs	1069	41.44	40.00	5C
m84073_231201_024147_s2/97977004/ccs	35	51.43	40.00	5C
m84073_231201_024147_s2/98109844/ccs	623	56.82	39.98	5C
m84073_231201_024147_s2/98240154/ccs	1069	41.44	24.23	5C
m84073_231201_024147_s2/81200874/ccs	345	40.29	32.47	5C
m84073_231201_024147_s2/81265920/ccs	53	52.83	33.24	5C
m84073_231201_024147_s2/98370249/ccs	716	56.15	30.69	5C
m84073_231201_024147_s2/98372099/ccs	187	45.99	27.41	5C
m84073_231201_024147_s2/87952364/ccs	492	46.14	24.50	5C
m84073_231201_024147_s2/70320639/ccs	637	60.28	23.34	5C
m84073_231201_024147_s2/81528223/ccs	510	60.78	33.79	5C
m84073_231201_024147_s2/92734625/ccs	404	52.48	40.00	5C
m84073_231201_024147_s2/70453829/ccs	153	26.14	27.92	5C
m84073_231201_024147_s2/81986600/ccs	512	60.74	24.92	5C
m84073_231201_024147_s2/70713761/ccs	619	51.21	40.00	5C
m84073_231201_024147_s2/93063709/ccs	623	56.82	21.14	5C
m84073_231201_024147_s2/141033774/ccs	898	50.11	27.54	5C
m84073_231201_024147_s2/93914568/ccs	346	40.46	40.00	5C
m84073_231201_024147_s2/72025772/ccs	634	58.83	23.65	5C
m84073_231201_024147_s2/94374376/ccs	103	45.63	34.68	5C
m84073_231201_024147_s2/94503779/ccs	683	51.10	38.87	5C
m84073_231201_024147_s2/100205645/ccs	693	30.16	39.88	5C
m84073_231201_024147_s2/100272452/ccs	1113	40.16	25.25	5C
m84073_231201_024147_s2/94899183/ccs	1078	41.47	24.27	5C
m84073_231201_024147_s2/112593379/ccs	29	62.07	40.00	5C
m84073_231201_024147_s2/100927271/ccs	345	40.29	40.00	5C
m84073_231201_024147_s2/123341222/ccs	623	56.98	26.43	5C
m84073_231201_024147_s2/123404802/ccs	348	40.52	32.93	5C
m84073_231201_024147_s2/112985265/ccs	1069	41.44	39.92	5C
m84073_231201_024147_s2/118884850/ccs	1069	41.44	40.00	5C
m84073_231201_024147_s2/119013778/ccs	354	40.40	40.00	5C
m84073_231201_024147_s2/142804243/ccs	1454	44.57	40.00	5C
m84073_231201_024147_s2/119212046/ccs	504	60.71	40.00	5C
m84073_231201_024147_s2/113378406/ccs	288	37.50	25.27	5C
m84073_231201_024147_s2/124062373/ccs	176	48.30	21.80	5C
m84073_231201_024147_s2/143198006/ccs	890	50.22	31.63	5C
m84073_231201_024147_s2/113576300/ccs	685	30.07	22.73	5C
m84073_231201_024147_s2/119606033/ccs	623	57.14	40.00	5C
m84073_231201_024147_s2/143460411/ccs	710	39.01	40.00	5C
m84073_231201_024147_s2/113968404/ccs	346	40.46	27.86	5C
m84073_231201_024147_s2/102564706/ccs	1067	53.14	27.11	5C
m84073_231201_024147_s2/130286191/ccs	349	42.41	38.04	5C
m84073_231201_024147_s2/130287365/ccs	674	43.47	23.22	5C
m84073_231201_024147_s2/125109736/ccs	346	40.46	40.00	5C
m84073_231201_024147_s2/125306108/ccs	29	62.07	40.00	5C
m84073_231201_024147_s2/125306822/ccs	760	42.37	40.00	5C
m84073_231201_024147_s2/125372272/ccs	512	60.74	40.00	5C
m84073_231201_024147_s2/144573554/ccs	349	42.41	39.29	5C
m84073_231201_024147_s2/131139970/ccs	892	50.34	40.00	5C
m84073_231201_024147_s2/144769888/ccs	633	58.61	21.38	5C
m84073_231201_024147_s2/103547400/ccs	891	50.17	24.59	5C
m84073_231201_024147_s2/115410714/ccs	353	43.06	23.67	5C
m84073_231201_024147_s2/131924570/ccs	349	42.41	39.97	5C
m84073_231201_024147_s2/121375573/ccs	29	62.07	40.00	5C
m84073_231201_024147_s2/115673378/ccs	0	0.00	40.00	5C
m84073_231201_024147_s2/115739357/ccs	34	58.82	40.00	5C
m84073_231201_024147_s2/173410297/ccs	1069	41.25	40.00	5C
m84073_231201_024147_s2/121570914/ccs	621	56.52	26.19	5C
m84073_231201_024147_s2/173804360/ccs	1067	52.48	40.00	5C
m84073_231201_024147_s2/132253358/ccs	1069	41.44	40.00	5C
m84073_231201_024147_s2/116457873/ccs	103	50.49	18.55	5C
m84073_231201_024147_s2/127010422/ccs	1163	55.29	31.63	5C
m84073_231201_024147_s2/132778716/ccs	0	0.00	31.63	5C
m84073_231201_024147_s2/116983942/ccs	508	60.83	21.89	5C
m84073_231201_024147_s2/117048261/ccs	519	54.14	29.68	5C
m84073_231201_024147_s2/175311352/ccs	298	47.65	40.00	5C
m84073_231201_024147_s2/122947728/ccs	336	43.45	40.00	5C
m84073_231201_024147_s2/117376280/ccs	625	56.96	37.85	5C
m84073_231201_024147_s2/128123139/ccs	475	56.00	40.00	5C
m84073_231201_024147_s2/128453355/ccs	157	53.50	40.00	5C
m84073_231201_024147_s2/134416407/ccs	1195	55.23	23.83	5C
m84073_231201_024147_s2/146081981/ccs	348	40.23	39.74	5C
m84073_231201_024147_s2/151586617/ccs	724	43.51	39.89	5C
m84073_231201_024147_s2/156893359/ccs	1164	54.47	40.00	5C
m84073_231201_024147_s2/162858450/ccs	508	60.83	34.82	5C
m84073_231201_024147_s2/146802535/ccs	890	50.22	26.79	5C
m84073_231201_024147_s2/146932957/ccs	349	42.41	40.00	5C
m84073_231201_024147_s2/135398469/ccs	811	45.13	24.48	5C
m84073_231201_024147_s2/152503716/ccs	345	40.29	40.00	5C
m84073_231201_024147_s2/157745929/ccs	621	56.84	24.37	5C
m84073_231201_024147_s2/157811555/ccs	346	41.91	24.56	5C
m84073_231201_024147_s2/152766419/ccs	892	50.34	21.97	5C
m84073_231201_024147_s2/152962681/ccs	636	58.65	40.00	5C
m84073_231201_024147_s2/147719574/ccs	476	53.36	33.34	5C
m84073_231201_024147_s2/158338021/ccs	452	55.31	39.98	5C
m84073_231201_024147_s2/136184008/ccs	257	53.70	38.78	5C
m84073_231201_024147_s2/178325419/ccs	475	56.42	40.00	5C
m84073_231201_024147_s2/136252021/ccs	476	50.84	24.30	5C
m84073_231201_024147_s2/147917536/ccs	346	40.46	23.55	5C
m84073_231201_024147_s2/158796382/ccs	35	37.14	23.84	5C
m84073_231201_024147_s2/153487931/ccs	1069	41.25	40.00	5C
m84073_231201_024147_s2/178848183/ccs	476	53.36	40.00	5C
m84073_231201_024147_s2/136710533/ccs	476	53.36	35.09	5C
m84073_231201_024147_s2/148505654/ccs	1069	41.44	40.00	5C
m84073_231201_024147_s2/159581949/ccs	35	51.43	40.00	5C
m84073_231201_024147_s2/159648687/ccs	354	40.68	25.30	5C
m84073_231201_024147_s2/149882004/ccs	345	40.29	29.85	5C
m84073_231201_024147_s2/160500512/ccs	0	0.00	29.85	5C
m84073_231201_024147_s2/150145837/ccs	567	48.68	22.20	5C
m84073_231201_024147_s2/160762193/ccs	296	44.93	26.58	5C
m84073_231201_024147_s2/161351473/ccs	333	44.44	27.93	5C
m84073_231201_024147_s2/139395515/ccs	396	47.73	27.73	5C
m84073_231201_024147_s2/156370839/ccs	133	59.40	38.24	5C
m84073_231201_024147_s2/161941945/ccs	491	44.60	40.00	5C
m84073_231201_024147_s2/167773122/ccs	294	48.64	25.89	5C
m84073_231201_024147_s2/167838837/ccs	1397	43.31	33.98	5C
m84073_231201_024147_s2/179571703/ccs	623	57.14	38.80	5C
m84073_231201_024147_s2/168166951/ccs	477	53.46	20.24	5C
m84073_231201_024147_s2/190447812/ccs	892	50.34	31.00	5C
m84073_231201_024147_s2/180095203/ccs	634	58.83	37.45	5C
m84073_231201_024147_s2/168495750/ccs	475	56.00	24.92	5C
m84073_231201_024147_s2/185468026/ccs	354	40.68	40.00	5C
m84073_231201_024147_s2/191038888/ccs	354	40.40	40.00	5C
m84073_231201_024147_s2/168886848/ccs	605	52.73	39.98	5C
m84073_231201_024147_s2/180947815/ccs	131	39.69	40.00	5C
m84073_231201_024147_s2/169083787/ccs	708	57.34	40.00	5C
m84073_231201_024147_s2/169215832/ccs	29	55.17	40.00	5C
m84073_231201_024147_s2/191693111/ccs	890	50.22	40.00	5C
m84073_231201_024147_s2/181207690/ccs	927	51.13	38.33	5C
m84073_231201_024147_s2/191695605/ccs	436	49.54	40.00	5C
m84073_231201_024147_s2/169543810/ccs	706	53.97	40.00	5C
m84073_231201_024147_s2/181601626/ccs	508	60.83	40.00	5C
m84073_231201_024147_s2/197723313/ccs	378	47.88	20.86	5C
m84073_231201_024147_s2/192479818/ccs	349	42.41	37.88	5C
m84073_231201_024147_s2/192612605/ccs	891	49.94	38.77	5C
m84073_231201_024147_s2/192744432/ccs	349	42.41	40.00	5C
m84073_231201_024147_s2/198379503/ccs	623	56.98	23.28	5C
m84073_231201_024147_s2/182584765/ccs	467	28.27	26.50	5C
m84073_231201_024147_s2/188023352/ccs	121	38.02	40.00	5C
m84073_231201_024147_s2/182846669/ccs	512	60.74	40.00	5C
m84073_231201_024147_s2/170789362/ccs	563	46.54	40.00	5C
m84073_231201_024147_s2/170920793/ccs	622	56.91	40.00	5C
m84073_231201_024147_s2/183043577/ccs	610	42.13	38.78	5C
m84073_231201_024147_s2/171051653/ccs	1234	53.81	30.18	5C
m84073_231201_024147_s2/183109100/ccs	892	50.34	33.68	5C
m84073_231201_024147_s2/193463412/ccs	504	60.71	39.93	5C
m84073_231201_024147_s2/193529162/ccs	894	49.89	28.33	5C
m84073_231201_024147_s2/183503060/ccs	1397	43.31	21.94	5C
m84073_231201_024147_s2/171378189/ccs	349	42.41	40.00	5C
m84073_231201_024147_s2/171379352/ccs	346	40.46	40.00	5C
m84073_231201_024147_s2/199426237/ccs	231	35.50	40.00	5C
m84073_231201_024147_s2/171510282/ccs	891	50.28	22.57	5C
m84073_231201_024147_s2/199624480/ccs	507	60.75	27.29	5C
m84073_231201_024147_s2/171903762/ccs	1069	41.44	40.00	5C
m84073_231201_024147_s2/171968353/ccs	892	50.34	39.99	5C
m84073_231201_024147_s2/184287634/ccs	1070	41.50	36.74	5C
m84073_231201_024147_s2/172034325/ccs	92	55.43	28.24	5C
m84073_231201_024147_s2/189663948/ccs	519	60.31	21.38	5C
m84073_231201_024147_s2/195035890/ccs	48	29.17	23.02	5C
m84073_231201_024147_s2/173016593/ccs	635	58.74	22.19	5C
m84073_231201_031203_s3/257365035/ccs	1165	54.25	27.42	5C
m84073_231201_031203_s3/257561069/ccs	636	60.53	40.00	5C
m84073_231201_031203_s3/257822787/ccs	709	57.40	25.48	5C
m84073_231201_031203_s3/263262877/ccs	50	38.00	40.00	5C
m84073_231201_031203_s3/240914034/ccs	707	52.90	40.00	5C
m84073_231201_031203_s3/240981360/ccs	1069	41.44	40.00	5C
m84073_231201_031203_s3/252383790/ccs	1069	41.44	28.82	5C
m84073_231201_031203_s3/235671909/ccs	460	39.57	38.44	5C
m84073_231201_031203_s3/247600059/ccs	346	40.46	18.70	5C
m84073_231201_031203_s3/253104127/ccs	629	57.07	26.69	5C
m84073_231201_031203_s3/236522782/ccs	1209	50.62	37.38	5C
m84073_231201_031203_s3/264638847/ccs	117	47.01	40.00	5C
m84073_231201_031203_s3/253825374/ccs	157	53.50	40.00	5C
m84073_231201_031203_s3/254086225/ccs	504	60.71	21.78	5C
m84073_231201_031203_s3/265228415/ccs	332	44.58	24.45	5C
m84073_231201_031203_s3/242947667/ccs	349	42.41	40.00	5C
m84073_231201_031203_s3/237442052/ccs	346	40.17	39.97	5C
m84073_231201_031203_s3/254807041/ccs	891	50.28	20.68	5C
m84073_231201_031203_s3/255071796/ccs	338	53.25	40.00	5C
m84073_231201_031203_s3/238096549/ccs	665	44.81	40.00	5C
m84073_231201_031203_s3/243536840/ccs	346	40.46	38.88	5C
m84073_231201_031203_s3/243602143/ccs	669	53.81	40.00	5C
m84073_231201_031203_s3/243602574/ccs	622	56.75	40.00	5C
m84073_231201_031203_s3/250154399/ccs	1070	41.21	23.88	5C
m84073_231201_031203_s3/256119870/ccs	622	57.40	25.59	5C
m84073_231201_031203_s3/250417538/ccs	706	54.39	39.19	5C
m84073_231201_031203_s3/239211575/ccs	704	55.68	40.00	5C
m84073_231201_031203_s3/244715398/ccs	1075	41.21	36.90	5C
m84073_231201_031203_s3/239604448/ccs	476	53.36	40.00	5C
m84073_231201_031203_s3/245174960/ccs	345	40.29	40.00	5C
m84073_231201_031203_s3/240195161/ccs	623	57.14	25.45	5C
m84073_231201_031203_s3/218109763/ccs	331	44.11	24.74	5C
m84073_231201_031203_s3/262215169/ccs	635	59.06	25.25	5C
m84073_231201_031203_s3/245501103/ccs	346	38.44	32.20	5C
m84073_231201_031203_s3/218370018/ccs	1213	52.76	40.00	5C
m84073_231201_031203_s3/240454759/ccs	1200	36.42	28.58	5C
m84073_231201_031203_s3/262541419/ccs	1069	41.44	40.00	5C
m84073_231201_031203_s3/212667649/ccs	332	44.88	21.11	5C
m84073_231201_031203_s3/218829165/ccs	117	47.01	40.00	5C
m84073_231201_031203_s3/229510922/ccs	896	50.45	21.15	5C
m84073_231201_031203_s3/207491851/ccs	349	42.41	40.00	5C
m84073_231201_031203_s3/230035771/ccs	354	40.68	39.97	5C
m84073_231201_031203_s3/207819708/ccs	338	47.93	40.00	5C
m84073_231201_031203_s3/202706819/ccs	628	57.64	25.56	5C
m84073_231201_031203_s3/219876873/ccs	1069	41.44	39.12	5C
m84073_231201_031203_s3/219878471/ccs	622	56.91	29.61	5C
m84073_231201_031203_s3/213848832/ccs	103	50.49	37.89	5C
m84073_231201_031203_s3/224923033/ccs	133	46.62	40.00	5C
m84073_231201_031203_s3/208539999/ccs	345	40.29	40.00	5C
m84073_231201_031203_s3/220402411/ccs	551	42.11	40.00	5C
m84073_231201_031203_s3/225318460/ccs	419	61.10	28.59	5C
m84073_231201_031203_s3/214242697/ccs	327	37.00	39.24	5C
m84073_231201_031203_s3/208932767/ccs	1090	40.55	27.96	5C
m84073_231201_031203_s3/220795342/ccs	892	50.34	39.71	5C
m84073_231201_031203_s3/221188006/ccs	354	40.68	40.00	5C
m84073_231201_031203_s3/209522031/ccs	892	50.34	38.88	5C
m84073_231201_031203_s3/231609350/ccs	283	47.00	17.57	5C
m84073_231201_031203_s3/226235865/ccs	626	57.35	23.64	5C
m84073_231201_031203_s3/204411636/ccs	619	57.19	19.68	5C
m84073_231201_031203_s3/231937096/ccs	157	53.50	19.69	5C
m84073_231201_031203_s3/232001789/ccs	625	58.88	33.45	5C
m84073_231201_031203_s3/210047078/ccs	346	40.46	30.91	5C
m84073_231201_031203_s3/204543179/ccs	623	56.98	40.00	5C
m84073_231201_031203_s3/215552959/ccs	1068	41.48	37.13	5C
m84073_231201_031203_s3/232134383/ccs	619	51.05	27.71	5C
m84073_231201_031203_s3/210506275/ccs	1070	41.31	31.74	5C
m84073_231201_031203_s3/204870850/ccs	73	45.21	26.72	5C
m84073_231201_031203_s3/210768582/ccs	345	40.29	40.00	5C
m84073_231201_031203_s3/216076898/ccs	53	52.83	30.34	5C
m84073_231201_031203_s3/205199068/ccs	724	43.09	33.89	5C
m84073_231201_031203_s3/223023084/ccs	504	60.71	39.67	5C
m84073_231201_031203_s3/223153650/ccs	34	61.76	40.00	5C
m84073_231201_031203_s3/227874406/ccs	623	57.14	40.00	5C
m84073_231201_031203_s3/216666061/ccs	1069	41.44	20.90	5C
m84073_231201_031203_s3/211555855/ccs	623	56.98	40.00	5C
m84073_231201_031203_s3/211751744/ccs	126	57.94	40.00	5C
m84073_231201_031203_s3/184882949/ccs	590	44.41	24.65	5C
m84073_231201_031203_s3/185011842/ccs	892	50.34	40.00	5C
m84073_231201_031203_s3/217257810/ccs	705	55.18	40.00	5C
m84073_231201_031203_s3/185144672/ccs	346	40.46	23.76	5C
m84073_231201_031203_s3/228658791/ccs	131	45.04	24.32	5C
m84073_231201_031203_s3/206311695/ccs	86	56.98	40.00	5C
m84073_231201_031203_s3/206443617/ccs	635	58.90	35.20	5C
m84073_231201_031203_s3/185471917/ccs	337	53.12	39.94	5C
m84073_231201_031203_s3/217976550/ccs	508	60.63	27.94	5C
m84073_231201_031203_s3/173414146/ccs	340	53.53	26.50	5C
m84073_231201_031203_s3/218043758/ccs	634	58.83	40.00	5C
m84073_231201_031203_s3/173608538/ccs	7	28.57	40.00	5C
m84073_231201_031203_s3/186388892/ccs	623	56.82	23.19	5C
m84073_231201_031203_s3/190386561/ccs	891	50.28	33.50	5C
m84073_231201_031203_s3/179246623/ccs	1070	41.59	21.59	5C
m84073_231201_031203_s3/179375930/ccs	731	34.75	40.00	5C
m84073_231201_031203_s3/195761652/ccs	346	40.46	40.00	5C
m84073_231201_031203_s3/179377848/ccs	393	47.58	40.00	5C
m84073_231201_031203_s3/179443158/ccs	29	62.07	40.00	5C
m84073_231201_031203_s3/190844060/ccs	368	52.45	25.42	5C
m84073_231201_031203_s3/174330088/ccs	508	60.63	19.26	5C
m84073_231201_031203_s3/179639094/ccs	436	55.73	20.53	5C
m84073_231201_031203_s3/179901970/ccs	634	58.68	26.85	5C
m84073_231201_031203_s3/169153788/ccs	905	50.06	29.17	5C
m84073_231201_031203_s3/187438015/ccs	510	60.78	40.00	5C
m84073_231201_031203_s3/180227095/ccs	623	57.14	25.36	5C
m84073_231201_031203_s3/187568127/ccs	515	58.06	22.89	5C
m84073_231201_031203_s3/180292608/ccs	11	45.45	39.22	5C
m84073_231201_031203_s3/187701017/ccs	333	44.44	39.23	5C
m84073_231201_031203_s3/174986138/ccs	639	57.75	40.00	5C
m84073_231201_031203_s3/175050522/ccs	633	58.77	35.88	5C
m84073_231201_031203_s3/175182291/ccs	345	40.29	40.00	5C
m84073_231201_031203_s3/180622596/ccs	504	60.91	39.84	5C
m84073_231201_031203_s3/188092667/ccs	121	37.19	31.84	5C
m84073_231201_031203_s3/175312705/ccs	261	47.89	27.33	5C
m84073_231201_031203_s3/197267898/ccs	50	28.00	24.97	5C
m84073_231201_031203_s3/180819050/ccs	104	50.96	20.56	5C
m84073_231201_031203_s3/191960397/ccs	349	42.41	40.00	5C
m84073_231201_031203_s3/188353645/ccs	476	53.36	40.00	5C
m84073_231201_031203_s3/175707210/ccs	476	53.36	40.00	5C
m84073_231201_031203_s3/170135009/ccs	347	40.35	19.81	5C
m84073_231201_031203_s3/181277057/ccs	157	53.50	40.00	5C
m84073_231201_031203_s3/188814220/ccs	634	58.83	40.00	5C
m84073_231201_031203_s3/176099724/ccs	322	33.85	39.41	5C
m84073_231201_031203_s3/176100164/ccs	515	45.83	40.00	5C
m84073_231201_031203_s3/176164748/ccs	508	60.83	40.00	5C
m84073_231201_031203_s3/192616006/ccs	634	58.83	24.63	5C
m84073_231201_031203_s3/192744655/ccs	227	44.93	40.00	5C
m84073_231201_031203_s3/189009518/ccs	32	43.75	40.00	5C
m84073_231201_031203_s3/181736614/ccs	128	65.62	20.57	5C
m84073_231201_031203_s3/176362451/ccs	475	56.00	40.00	5C
m84073_231201_031203_s3/189142720/ccs	1214	35.91	31.54	5C
m84073_231201_031203_s3/189207531/ccs	345	40.29	40.00	5C
m84073_231201_031203_s3/189207538/ccs	706	49.43	27.83	5C
m84073_231201_031203_s3/198578829/ccs	70	61.43	40.00	5C
m84073_231201_031203_s3/176492731/ccs	1069	41.44	40.00	5C
m84073_231201_031203_s3/193074990/ccs	7	28.57	25.32	5C
m84073_231201_031203_s3/189469383/ccs	354	40.68	24.94	5C
m84073_231201_031203_s3/198841453/ccs	425	53.65	29.09	5C
m84073_231201_031203_s3/182261603/ccs	624	56.89	19.92	5C
m84073_231201_031203_s3/177016141/ccs	346	40.46	40.00	5C
m84073_231201_031203_s3/189666799/ccs	1071	41.36	27.39	5C
m84073_231201_031203_s3/199101975/ccs	636	58.65	23.79	5C
m84073_231201_031203_s3/171379819/ccs	467	49.89	40.00	5C
m84073_231201_031203_s3/199298414/ccs	357	40.06	36.73	5C
m84073_231201_031203_s3/171447197/ccs	622	56.91	39.57	5C
m84073_231201_031203_s3/171382652/ccs	1067	41.33	29.50	5C
m84073_231201_031203_s3/171448053/ccs	346	40.46	40.00	5C
m84073_231201_031203_s3/171576501/ccs	506	60.87	34.91	5C
m84073_231201_031203_s3/199431682/ccs	346	40.46	40.00	5C
m84073_231201_031203_s3/194057521/ccs	891	49.94	40.00	5C
m84073_231201_031203_s3/177608150/ccs	1076	41.36	22.48	5C
m84073_231201_031203_s3/199694184/ccs	536	53.73	35.21	5C
m84073_231201_031203_s3/199758424/ccs	344	40.41	19.52	5C
m84073_231201_031203_s3/178066046/ccs	712	38.90	39.97	5C
m84073_231201_031203_s3/183178964/ccs	346	40.46	40.00	5C
m84073_231201_031203_s3/178131444/ccs	764	56.68	22.52	5C
m84073_231201_031203_s3/183308666/ccs	890	50.22	40.00	5C
m84073_231201_031203_s3/194777421/ccs	706	54.67	40.00	5C
m84073_231201_031203_s3/183439083/ccs	152	41.45	40.00	5C
m84073_231201_031203_s3/183440686/ccs	102	50.00	24.60	5C
m84073_231201_031203_s3/151653665/ccs	53	52.83	40.00	5C
m84073_231201_031203_s3/151720710/ccs	622	56.91	40.00	5C
m84073_231201_031203_s3/183636208/ccs	623	56.98	29.12	5C
m84073_231201_031203_s3/183703153/ccs	0	0.00	29.12	5C
m84073_231201_031203_s3/200414427/ccs	299	47.83	40.00	5C
m84073_231201_031203_s3/200414906/ccs	349	42.41	25.92	5C
m84073_231201_031203_s3/151981518/ccs	782	50.13	39.01	5C
m84073_231201_031203_s3/183899222/ccs	1396	43.34	40.00	5C
m84073_231201_031203_s3/195431440/ccs	0	0.00	40.00	5C
m84073_231201_031203_s3/152179188/ccs	476	53.36	40.00	5C
m84073_231201_031203_s3/184225660/ccs	508	60.83	40.00	5C
m84073_231201_031203_s3/140186798/ccs	1346	49.03	33.21	5C
m84073_231201_031203_s3/156767631/ccs	34	61.76	40.00	5C
m84073_231201_031203_s3/140646254/ccs	118	46.61	35.71	5C
m84073_231201_031203_s3/157291025/ccs	622	56.91	22.35	5C
m84073_231201_031203_s3/153031967/ccs	476	53.36	32.41	5C
m84073_231201_031203_s3/135009749/ccs	915	43.72	40.00	5C
m84073_231201_031203_s3/153228484/ccs	475	53.47	24.81	5C
m84073_231201_031203_s3/153292703/ccs	508	60.83	40.00	5C
m84073_231201_031203_s3/163057256/ccs	478	53.56	35.03	5C
m84073_231201_031203_s3/146148825/ccs	349	42.41	40.00	5C
m84073_231201_031203_s3/135400960/ccs	117	64.10	40.00	5C
m84073_231201_031203_s3/141299505/ccs	665	44.81	40.00	5C
m84073_231201_031203_s3/141299688/ccs	346	40.46	28.10	5C
m84073_231201_031203_s3/157946270/ccs	117	43.59	26.16	5C
m84073_231201_031203_s3/153687077/ccs	351	42.17	31.39	5C
m84073_231201_031203_s3/146672784/ccs	346	40.46	22.84	5C
m84073_231201_031203_s3/153884504/ccs	623	56.82	23.21	5C
m84073_231201_031203_s3/164171153/ccs	623	57.14	40.00	5C
m84073_231201_031203_s3/164236466/ccs	120	45.83	38.81	5C
m84073_231201_031203_s3/164236369/ccs	29	62.07	34.64	5C
m84073_231201_031203_s3/141956191/ccs	298	47.65	40.00	5C
m84073_231201_031203_s3/141956089/ccs	510	60.78	40.00	5C
m84073_231201_031203_s3/136189453/ccs	624	56.89	38.80	5C
m84073_231201_031203_s3/141956526/ccs	346	40.46	40.00	5C
m84073_231201_031203_s3/136319237/ccs	396	36.87	40.00	5C
m84073_231201_031203_s3/164500458/ccs	346	40.46	39.69	5C
m84073_231201_031203_s3/164631714/ccs	501	53.49	38.52	5C
m84073_231201_031203_s3/158864692/ccs	103	50.49	40.00	5C
m84073_231201_031203_s3/136648137/ccs	476	53.57	39.96	5C
m84073_231201_031203_s3/147593039/ccs	334	39.22	40.00	5C
m84073_231201_031203_s3/164893656/ccs	29	62.07	40.00	5C
m84073_231201_031203_s3/137107267/ccs	1069	41.44	40.00	5C
m84073_231201_031203_s3/148180239/ccs	623	56.98	34.40	5C
m84073_231201_031203_s3/165353172/ccs	574	53.66	35.62	5C
m84073_231201_031203_s3/165418241/ccs	623	56.98	40.00	5C
m84073_231201_031203_s3/148248357/ccs	111	54.05	37.43	5C
m84073_231201_031203_s3/148311850/ccs	892	50.34	40.00	5C
m84073_231201_031203_s3/148443890/ccs	633	58.61	23.09	5C
m84073_231201_031203_s3/137434824/ccs	392	47.70	17.64	5C
m84073_231201_031203_s3/159717296/ccs	1069	41.44	40.00	5C
m84073_231201_031203_s3/143330691/ccs	396	36.87	40.00	5C
m84073_231201_031203_s3/148772507/ccs	278	43.88	40.00	5C
m84073_231201_031203_s3/166400522/ccs	354	40.68	39.75	5C
m84073_231201_031203_s3/155849364/ccs	699	39.48	29.31	5C
m84073_231201_031203_s3/160305484/ccs	1067	52.67	23.07	5C
m84073_231201_031203_s3/166596887/ccs	623	57.14	39.98	5C
m84073_231201_031203_s3/156046259/ccs	354	40.40	40.00	5C
m84073_231201_031203_s3/156111934/ccs	1334	47.38	20.41	5C
m84073_231201_031203_s3/156241532/ccs	1068	41.48	40.00	5C
m84073_231201_031203_s3/156241100/ccs	1074	54.38	40.00	5C
m84073_231201_031203_s3/149821347/ccs	349	42.41	40.00	5C
m84073_231201_031203_s3/144249965/ccs	890	50.22	26.61	5C
m84073_231201_031203_s3/167056401/ccs	349	42.41	40.00	5C
m84073_231201_031203_s3/149950111/ccs	35	51.43	40.00	5C
m84073_231201_031203_s3/156439898/ccs	635	58.90	40.00	5C
m84073_231201_031203_s3/156569144/ccs	346	40.46	34.92	5C
m84073_231201_031203_s3/160831307/ccs	623	56.98	33.16	5C
m84073_231201_031203_s3/144511958/ccs	634	58.83	38.72	5C
m84073_231201_031203_s3/167382383/ccs	1069	41.44	39.92	5C
m84073_231201_031203_s3/150279461/ccs	1045	43.16	23.77	5C
m84073_231201_031203_s3/144840214/ccs	349	42.41	40.00	5C
m84073_231201_031203_s3/139204486/ccs	1069	41.44	40.00	5C
m84073_231201_031203_s3/145036197/ccs	346	40.46	40.00	5C
m84073_231201_031203_s3/150541400/ccs	65	41.54	27.02	5C
m84073_231201_031203_s3/161484445/ccs	462	54.55	28.08	5C
m84073_231201_031203_s3/118230254/ccs	892	50.34	22.65	5C
m84073_231201_031203_s3/161551787/ccs	475	53.26	20.02	5C
m84073_231201_031203_s3/161617564/ccs	708	57.34	21.73	5C
m84073_231201_031203_s3/150803518/ccs	29	55.17	39.69	5C
m84073_231201_031203_s3/129175403/ccs	108	50.93	39.83	5C
m84073_231201_031203_s3/161878372/ccs	624	57.05	40.00	5C
m84073_231201_031203_s3/129177198/ccs	346	40.46	40.00	5C
m84073_231201_031203_s3/112201459/ccs	157	53.50	40.00	5C
m84073_231201_031203_s3/106763152/ccs	623	56.98	40.00	5C
m84073_231201_031203_s3/123015790/ccs	354	40.68	40.00	5C
m84073_231201_031203_s3/112203257/ccs	623	56.98	19.48	5C
m84073_231201_031203_s3/129503956/ccs	510	60.78	29.99	5C
m84073_231201_031203_s3/123276768/ccs	893	50.39	27.35	5C
m84073_231201_031203_s3/119084374/ccs	1084	40.22	39.99	5C
m84073_231201_031203_s3/123343115/ccs	622	56.91	23.18	5C
m84073_231201_031203_s3/123344473/ccs	635	58.90	40.00	5C
m84073_231201_031203_s3/112463144/ccs	1069	41.35	26.36	5C
m84073_231201_031203_s3/107222960/ccs	1214	52.64	40.00	5C
m84073_231201_031203_s3/129896446/ccs	887	50.51	21.29	5C
m84073_231201_031203_s3/119476680/ccs	94	52.13	31.84	5C
m84073_231201_031203_s3/112660778/ccs	519	54.14	23.82	5C
m84073_231201_031203_s3/107352939/ccs	697	39.89	40.00	5C
m84073_231201_031203_s3/119805554/ccs	349	42.41	30.85	5C
m84073_231201_031203_s3/119935497/ccs	636	60.53	39.86	5C
m84073_231201_031203_s3/101977968/ccs	349	42.41	40.00	5C
m84073_231201_031203_s3/113184850/ccs	349	42.41	39.53	5C
m84073_231201_031203_s3/130420457/ccs	316	54.43	24.87	5C
m84073_231201_031203_s3/130421758/ccs	603	52.74	39.97	5C
m84073_231201_031203_s3/120132141/ccs	23	47.83	29.02	5C
m84073_231201_031203_s3/124391586/ccs	896	49.89	28.53	5C
m84073_231201_031203_s3/108073392/ccs	108	54.63	40.00	5C
m84073_231201_031203_s3/130683894/ccs	665	35.19	27.06	5C
m84073_231201_031203_s3/124588662/ccs	892	50.34	40.00	5C
m84073_231201_031203_s3/113708643/ccs	1327	47.70	33.21	5C
m84073_231201_031203_s3/131011094/ccs	352	42.33	23.40	5C
m84073_231201_031203_s3/113839375/ccs	1154	57.89	31.78	5C
m84073_231201_031203_s3/131077085/ccs	330	41.21	39.62	5C
m84073_231201_031203_s3/103026841/ccs	1068	41.39	23.31	5C
m84073_231201_031203_s3/120853523/ccs	295	46.10	23.51	5C
m84073_231201_031203_s3/103222918/ccs	706	54.11	26.47	5C
m84073_231201_031203_s3/114300811/ccs	345	40.29	40.00	5C
m84073_231201_031203_s3/125440498/ccs	136	38.24	23.28	5C
m84073_231201_031203_s3/108860266/ccs	624	57.05	20.71	5C
m84073_231201_031203_s3/120984896/ccs	823	52.00	23.78	5C
m84073_231201_031203_s3/109252475/ccs	355	38.59	40.00	5C
m84073_231201_031203_s3/121181946/ccs	623	56.98	23.93	5C
m84073_231201_031203_s3/131929475/ccs	728	50.55	40.00	5C
m84073_231201_031203_s3/125897907/ccs	349	42.41	40.00	5C
m84073_231201_031203_s3/114694043/ccs	706	50.28	40.00	5C
m84073_231201_031203_s3/125965003/ccs	29	62.07	35.03	5C
m84073_231201_031203_s3/121573695/ccs	1069	41.44	21.41	5C
m84073_231201_031203_s3/132518715/ccs	157	53.50	40.00	5C
m84073_231201_031203_s3/121704633/ccs	899	46.16	24.57	5C
m84073_231201_031203_s3/121770667/ccs	92	55.43	40.00	5C
m84073_231201_031203_s3/115479202/ccs	511	60.86	19.15	5C
m84073_231201_031203_s3/122097626/ccs	452	50.66	40.00	5C
m84073_231201_031203_s3/127013508/ccs	512	60.74	24.73	5C
m84073_231201_031203_s3/127210306/ccs	117	64.10	22.99	5C
m84073_231201_031203_s3/133173752/ccs	350	42.57	17.48	5C
m84073_231201_031203_s3/122426520/ccs	354	40.68	40.00	5C
m84073_231201_031203_s3/122489984/ccs	892	50.34	24.75	5C
m84073_231201_031203_s3/127603095/ccs	619	51.21	40.00	5C
m84073_231201_031203_s3/116200028/ccs	349	42.41	40.00	5C
m84073_231201_031203_s3/111152158/ccs	295	45.42	39.73	5C
m84073_231201_031203_s3/105778466/ccs	268	38.81	18.98	5C
m84073_231201_031203_s3/133893162/ccs	554	38.99	22.32	5C
m84073_231201_031203_s3/116919452/ccs	950	38.84	40.00	5C
m84073_231201_031203_s3/116920442/ccs	346	40.46	40.00	5C
m84073_231201_031203_s3/111416898/ccs	346	40.46	40.00	5C
m84073_231201_031203_s3/106042395/ccs	349	39.83	30.87	5C
m84073_231201_031203_s3/84677363/ccs	706	54.82	22.23	5C
m84073_231201_031203_s3/78517876/ccs	1071	41.36	25.32	5C
m84073_231201_031203_s3/72816271/ccs	126	57.94	22.87	5C
m84073_231201_031203_s3/78646997/ccs	632	58.70	24.12	5C
m84073_231201_031203_s3/90246383/ccs	345	40.29	40.00	5C
m84073_231201_031203_s3/95687195/ccs	354	42.09	23.02	5C
m84073_231201_031203_s3/67769065/ccs	890	50.22	40.00	5C
m84073_231201_031203_s3/90312848/ccs	1072	41.32	32.44	5C
m84073_231201_031203_s3/67834247/ccs	631	56.74	25.35	5C
m84073_231201_031203_s3/78975230/ccs	891	49.94	36.51	5C
m84073_231201_031203_s3/79170564/ccs	346	40.46	27.15	5C
m84073_231201_031203_s3/85201137/ccs	213	43.19	22.14	5C
m84073_231201_031203_s3/68095591/ccs	346	40.46	29.51	5C
m84073_231201_031203_s3/79107871/ccs	622	57.07	40.00	5C
m84073_231201_031203_s3/96079955/ccs	892	50.34	40.00	5C
m84073_231201_031203_s3/73534698/ccs	178	39.89	24.80	5C
m84073_231201_031203_s3/90773082/ccs	1067	53.05	40.00	5C
m84073_231201_031203_s3/96605836/ccs	152	44.74	39.44	5C
m84073_231201_031203_s3/91034073/ccs	348	42.24	36.61	5C
m84073_231201_031203_s3/74321413/ccs	476	53.36	24.11	5C
m84073_231201_031203_s3/74386651/ccs	267	38.95	40.00	5C
m84073_231201_031203_s3/86314581/ccs	318	54.40	38.97	5C
m84073_231201_031203_s3/74518510/ccs	733	51.84	40.00	5C
m84073_231201_031203_s3/92016794/ccs	348	42.24	32.82	5C
m84073_231201_031203_s3/86643708/ccs	726	46.01	32.12	5C
m84073_231201_031203_s3/92345213/ccs	1069	41.44	40.00	5C
m84073_231201_031203_s3/92475569/ccs	365	39.73	27.87	5C
m84073_231201_031203_s3/75043793/ccs	1069	41.44	40.00	5C
m84073_231201_031203_s3/69603467/ccs	890	50.22	31.78	5C
m84073_231201_031203_s3/69669237/ccs	508	60.83	40.00	5C
m84073_231201_031203_s3/92607437/ccs	29	55.17	40.00	5C
m84073_231201_031203_s3/81204322/ccs	895	50.06	22.20	5C
m84073_231201_031203_s3/81268547/ccs	168	49.40	40.00	5C
m84073_231201_031203_s3/81269328/ccs	349	42.41	40.00	5C
m84073_231201_031203_s3/98047332/ccs	345	40.29	27.11	5C
m84073_231201_031203_s3/75304484/ccs	53	52.83	40.00	5C
m84073_231201_031203_s3/98177093/ccs	1025	45.56	35.07	5C
m84073_231201_031203_s3/98241641/ccs	1067	53.23	39.68	5C
m84073_231201_031203_s3/75436452/ccs	433	52.19	40.00	5C
m84073_231201_031203_s3/93196012/ccs	892	50.34	21.76	5C
m84073_231201_031203_s3/87627153/ccs	346	40.46	40.00	5C
m84073_231201_031203_s3/81794926/ccs	622	56.91	32.66	5C
m84073_231201_031203_s3/81859947/ccs	510	60.78	40.00	5C
m84073_231201_031203_s3/81925821/ccs	349	42.41	40.00	5C
m84073_231201_031203_s3/87822453/ccs	1205	52.12	40.00	5C
m84073_231201_031203_s3/98570578/ccs	623	56.98	39.98	5C
m84073_231201_031203_s3/93459872/ccs	350	42.57	35.92	5C
m84073_231201_031203_s3/93591237/ccs	346	40.17	23.02	5C
m84073_231201_031203_s3/82513548/ccs	626	58.47	19.73	5C
m84073_231201_031203_s3/82973999/ccs	354	40.40	28.13	5C
m84073_231201_031203_s3/77009376/ccs	1068	41.48	23.57	5C
m84073_231201_031203_s3/83299713/ccs	30	60.00	40.00	5C
m84073_231201_031203_s3/94638669/ccs	349	42.41	40.00	5C
m84073_231201_031203_s3/94770363/ccs	402	52.24	23.76	5C
m84073_231201_031203_s3/77794610/ccs	345	40.29	30.41	5C
m84073_231201_031203_s3/83825533/ccs	14	35.71	40.00	5C
m84073_231201_031203_s3/100012449/ccs	1070	41.40	24.26	5C
m84073_231201_031203_s3/100143123/ccs	96	39.58	40.00	5C
m84073_231201_031203_s3/78058232/ccs	1108	38.36	39.76	5C
m84073_231201_031203_s3/72355839/ccs	436	42.66	40.00	5C
m84073_231201_031203_s3/72355552/ccs	890	50.34	27.32	5C
m84073_231201_031203_s3/45029152/ccs	508	60.83	36.99	5C
m84073_231201_031203_s3/100274062/ccs	510	60.78	40.00	5C
m84073_231201_031203_s3/100274392/ccs	337	51.34	20.99	5C
m84073_231201_031203_s3/50597508/ccs	156	63.46	30.54	5C
m84073_231201_031203_s3/50597096/ccs	740	57.03	25.43	5C
m84073_231201_031203_s3/50599337/ccs	262	52.67	40.00	5C
m84073_231201_031203_s3/39129551/ccs	28	57.14	37.37	5C
m84073_231201_031203_s3/39195194/ccs	349	42.12	40.00	5C
m84073_231201_031203_s3/45486910/ccs	1213	52.93	40.00	5C
m84073_231201_031203_s3/45485778/ccs	706	54.67	20.71	5C
m84073_231201_031203_s3/61672752/ccs	520	60.19	27.12	5C
m84073_231201_031203_s3/45683636/ccs	563	46.54	39.86	5C
m84073_231201_031203_s3/33757095/ccs	131	41.98	40.00	5C
m84073_231201_031203_s3/62000499/ccs	29	62.07	40.00	5C
m84073_231201_031203_s3/46141907/ccs	593	54.47	22.09	5C
m84073_231201_031203_s3/40178981/ccs	34	38.24	17.46	5C
m84073_231201_031203_s3/51909986/ccs	621	57.00	19.80	5C
m84073_231201_031203_s3/46536100/ccs	349	42.41	40.00	5C
m84073_231201_031203_s3/52104309/ccs	623	56.98	38.78	5C
m84073_231201_031203_s3/40439781/ccs	626	57.35	20.65	5C
m84073_231201_031203_s3/52107025/ccs	623	56.98	40.00	5C
m84073_231201_031203_s3/52172153/ccs	893	50.17	36.03	5C
m84073_231201_031203_s3/40702089/ccs	54	44.44	19.95	5C
m84073_231201_031203_s3/52368445/ccs	298	47.65	31.03	5C
m84073_231201_031203_s3/52564467/ccs	623	56.98	40.00	5C
m84073_231201_031203_s3/58199810/ccs	711	57.67	23.02	5C
m84073_231201_031203_s3/35262621/ccs	163	36.20	40.00	5C
m84073_231201_031203_s3/41292231/ccs	29	62.07	24.25	5C
m84073_231201_031203_s3/41359105/ccs	339	47.79	40.00	5C
m84073_231201_031203_s3/47452274/ccs	908	50.33	40.00	5C
m84073_231201_031203_s3/35852314/ccs	892	50.34	38.42	5C
m84073_231201_031203_s3/64296249/ccs	157	53.50	22.42	5C
m84073_231201_031203_s3/53284530/ccs	53	52.83	40.00	5C
m84073_231201_031203_s3/64558739/ccs	30	60.00	38.66	5C
m84073_231201_031203_s3/36312445/ccs	477	53.67	37.73	5C
m84073_231201_031203_s3/64687174/ccs	1069	41.44	40.00	5C
m84073_231201_031203_s3/59248103/ccs	318	54.40	40.00	5C
m84073_231201_031203_s3/53611848/ccs	289	44.64	40.00	5C
m84073_231201_031203_s3/36639429/ccs	669	53.81	39.99	5C
m84073_231201_031203_s3/48370699/ccs	623	57.14	40.00	5C
m84073_231201_031203_s3/65213931/ccs	440	59.09	24.23	5C
m84073_231201_031203_s3/65343729/ccs	1067	52.58	40.00	5C
m84073_231201_031203_s3/42866145/ccs	341	47.21	22.14	5C
m84073_231201_031203_s3/42930482/ccs	892	50.34	39.62	5C
m84073_231201_031203_s3/59774283/ccs	332	44.58	39.65	5C
m84073_231201_031203_s3/59840124/ccs	890	50.22	37.86	5C
m84073_231201_031203_s3/59905458/ccs	1069	41.44	23.91	5C
m84073_231201_031203_s3/65540230/ccs	163	53.99	20.60	5C
m84073_231201_031203_s3/49352252/ccs	0	0.00	20.60	5C
m84073_231201_031203_s3/65671010/ccs	1069	41.44	40.00	5C
m84073_231201_031203_s3/60495018/ccs	892	50.34	39.99	5C
m84073_231201_031203_s3/60559468/ccs	346	40.17	24.09	5C
m84073_231201_031203_s3/66065429/ccs	1069	41.44	27.00	5C
m84073_231201_031203_s3/60755728/ccs	707	52.90	38.81	5C
m84073_231201_031203_s3/44045704/ccs	510	60.78	31.53	5C
m84073_231201_031203_s3/54990207/ccs	346	40.46	39.20	5C
m84073_231201_031203_s3/44306616/ccs	349	42.41	21.31	5C
m84073_231201_031203_s3/61017383/ccs	1068	53.09	40.00	5C
m84073_231201_031203_s3/55318185/ccs	1069	41.44	36.56	5C
m84073_231201_031203_s3/44700662/ccs	590	44.41	40.00	5C
m84073_231201_031203_s3/66785766/ccs	1068	41.48	22.49	5C
m84073_231201_031203_s3/66787025/ccs	451	52.77	21.12	5C
m84073_231201_031203_s3/257230921/ccs	1080	40.93	28.92	5C
m84073_231201_031203_s3/55841161/ccs	349	42.41	31.47	5C
m84073_231201_031203_s3/55905443/ccs	622	56.91	39.98	5C
m84073_231201_031203_s3/67048685/ccs	724	47.24	20.72	5C
m84073_231201_031203_s3/38736413/ccs	332	45.18	21.77	5C
m84073_231201_031203_s3/246286043/ccs	508	60.83	27.61	5C
m84073_231201_031203_s3/252053824/ccs	511	60.86	22.48	5C
m84073_231201_031203_s3/252119813/ccs	29	62.07	40.00	5C
m84073_231201_031203_s3/39128386/ccs	1072	41.32	33.59	5C
m84073_231201_031203_s3/263717442/ccs	394	59.14	40.00	5C
m84073_231201_031203_s3/258672796/ccs	1069	41.25	40.00	5C
m84073_231201_031203_s3/242942451/ccs	349	42.41	40.00	5C
m84073_231201_031203_s3/259720273/ccs	117	64.10	40.00	5C
m84073_231201_031203_s3/236522388/ccs	349	42.41	23.36	5C
m84073_231201_031203_s3/243403756/ccs	475	56.00	24.76	5C
m84073_231201_031203_s3/243532122/ccs	1069	41.53	21.77	5C
m84073_231201_031203_s3/237702124/ccs	346	40.46	25.24	5C
m84073_231201_031203_s3/254936001/ccs	348	40.52	20.92	5C
m84073_231201_031203_s3/254935287/ccs	355	40.56	22.48	5C
m84073_231201_031203_s3/266274254/ccs	899	62.29	25.73	5C
m84073_231201_031203_s3/244384787/ccs	1160	54.31	21.12	5C
m84073_231201_031203_s3/238224727/ccs	1206	50.17	25.84	5C
m84073_231201_031203_s3/244777742/ccs	346	40.46	22.63	5C
m84073_231201_031203_s3/250216983/ccs	623	56.98	40.00	5C
m84073_231201_031203_s3/250217609/ccs	346	40.46	40.00	5C
m84073_231201_031203_s3/238617550/ccs	563	46.54	34.72	5C
m84073_231201_031203_s3/238619584/ccs	354	40.40	40.00	5C
m84073_231201_031203_s3/261687547/ccs	349	42.41	35.96	5C
m84073_231201_031203_s3/256181370/ccs	1072	41.51	39.24	5C
m84073_231201_031203_s3/256312157/ccs	708	57.49	27.59	5C
m84073_231201_031203_s3/245891270/ccs	349	42.41	40.00	5C
m84073_231201_031203_s3/251068956/ccs	1111	40.68	27.31	5C
m84073_231201_031203_s3/251199867/ccs	34	38.24	18.29	5C
m84073_231201_031203_s3/251199941/ccs	73	45.21	27.30	5C
m84073_231201_031203_s3/240059360/ccs	524	60.31	40.00	5C
m84073_231201_031203_s3/240189851/ccs	29	62.07	40.00	5C
m84073_231201_031203_s3/28448002/ccs	320	54.37	40.00	5C
m84073_231201_031203_s3/22877594/ccs	623	56.82	39.87	5C
m84073_231201_031203_s3/17241118/ccs	1199	36.36	40.00	5C
m84073_231201_031203_s3/17305478/ccs	356	40.45	23.46	5C
m84073_231201_031203_s3/7277855/ccs	318	54.40	40.00	5C
m84073_231201_031203_s3/18222833/ccs	133	45.86	22.70	5C
m84073_231201_031203_s3/29758713/ccs	687	44.40	39.88	5C
m84073_231201_031203_s3/29823968/ccs	406	45.81	20.64	5C
m84073_231201_031203_s3/24187218/ccs	536	53.73	20.75	5C
m84073_231201_031203_s3/24317762/ccs	346	40.46	25.09	5C
m84073_231201_031203_s3/30216030/ccs	620	57.42	23.41	5C
m84073_231201_031203_s3/30283134/ccs	654	58.10	40.00	5C
m84073_231201_031203_s3/24712632/ccs	30	56.67	20.32	5C
m84073_231201_031203_s3/19534760/ccs	1076	41.26	28.41	5C
m84073_231201_031203_s3/25103527/ccs	1070	41.40	39.75	5C
m84073_231201_031203_s3/8983910/ccs	1197	36.34	22.19	5C
m84073_231201_031203_s3/25300149/ccs	716	56.15	34.01	5C
m84073_231201_031203_s3/19926911/ccs	623	56.98	40.00	5C
m84073_231201_031203_s3/31462740/ccs	711	38.96	37.14	5C
m84073_231201_031203_s3/25432830/ccs	622	56.91	38.80	5C
m84073_231201_031203_s3/31528157/ccs	603	54.39	25.05	5C
m84073_231201_031203_s3/31657326/ccs	152	49.34	40.00	5C
m84073_231201_031203_s3/25825958/ccs	725	47.03	40.00	5C
m84073_231201_031203_s3/20320366/ccs	333	44.44	23.93	5C
m84073_231201_031203_s3/25891238/ccs	510	60.78	30.29	5C
m84073_231201_031203_s3/26152040/ccs	623	56.98	29.54	5C
m84073_231201_031203_s3/32445958/ccs	349	42.41	40.00	5C
m84073_231201_031203_s3/26546625/ccs	892	50.34	20.63	5C
m84073_231201_031203_s3/26874377/ccs	345	40.29	40.00	5C
m84073_231201_031203_s3/15600744/ccs	1068	53.09	24.58	5C
m84073_231201_031203_s3/10358781/ccs	630	55.87	40.00	5C
m84073_231201_031203_s3/27528556/ccs	1067	41.42	23.49	5C
m84073_231201_031203_s3/27594378/ccs	1069	41.44	35.15	5C
m84073_231201_031203_s3/27594024/ccs	893	50.28	20.81	5C
m84073_231201_031203_s3/229313296/ccs	27	48.15	30.61	5C
m84073_231201_031203_s3/21959774/ccs	103	50.49	40.00	5C
m84073_231201_031203_s3/27725189/ccs	706	55.10	23.25	5C
m84073_231201_031203_s3/27791775/ccs	393	47.84	24.99	5C
m84073_231201_031203_s3/16256995/ccs	695	39.71	30.86	5C
m84073_231201_031203_s3/27921691/ccs	516	60.27	22.58	5C
m84073_231201_031203_s3/22285320/ccs	346	40.46	21.02	5C
m84073_231201_031203_s3/218104350/ccs	349	42.41	36.29	5C
m84073_231201_031203_s3/206964566/ccs	345	40.29	24.91	5C
m84073_231201_031203_s3/212601595/ccs	347	40.35	20.69	5C
m84073_231201_031203_s3/207226421/ccs	70	61.43	25.16	5C
m84073_231201_031203_s3/230361358/ccs	345	40.29	32.61	5C
m84073_231201_031203_s3/218958515/ccs	346	40.46	40.00	5C
m84073_231201_031203_s3/224791378/ccs	476	53.36	35.08	5C
m84073_231201_031203_s3/231342704/ccs	1069	41.44	40.00	5C
m84073_231201_031203_s3/202377106/ccs	709	52.19	33.36	5C
m84073_231201_031203_s3/214303427/ccs	156	56.41	40.00	5C
m84073_231201_031203_s3/220136442/ccs	890	50.22	40.00	5C
m84073_231201_031203_s3/220267533/ccs	346	40.46	39.77	5C
m84073_231201_031203_s3/225511112/ccs	1069	41.25	40.00	5C
m84073_231201_031203_s3/202900150/ccs	157	53.50	40.00	5C
m84073_231201_031203_s3/215156725/ccs	345	40.29	40.00	5C
m84073_231201_031203_s3/209191684/ccs	30	60.00	16.59	5C
m84073_231201_031203_s3/209389637/ccs	706	54.53	40.00	5C
m84073_231201_031203_s3/209650551/ccs	890	50.22	40.00	5C
m84073_231201_031203_s3/226099928/ccs	106	71.70	21.56	5C
m84073_231201_031203_s3/226231170/ccs	475	53.26	21.86	5C
m84073_231201_031203_s3/221054550/ccs	1070	41.21	30.58	5C
m84073_231201_031203_s3/226297669/ccs	605	55.54	24.11	5C
m84073_231201_031203_s3/210176623/ccs	29	62.07	40.00	5C
m84073_231201_031203_s3/210241108/ccs	346	40.46	40.00	5C
m84073_231201_031203_s3/233441297/ccs	345	40.29	39.72	5C
m84073_231201_031203_s3/204146683/ccs	634	48.74	40.00	5C
m84073_231201_031203_s3/222038579/ccs	29	62.07	40.00	5C
m84073_231201_031203_s3/227018550/ccs	345	40.29	40.00	5C
m84073_231201_031203_s3/204474955/ccs	900	50.78	33.47	5C
m84073_231201_031203_s3/234095037/ccs	367	52.59	22.19	5C
m84073_231201_031203_s3/211028744/ccs	152	41.45	40.00	5C
m84073_231201_031203_s3/217187811/ccs	76	39.47	40.00	5C
m84073_231201_031203_s3/204801860/ccs	349	42.41	39.97	5C
m84073_231201_031203_s3/204999385/ccs	346	40.46	21.59	5C
m84073_231201_031203_s3/217515399/ccs	11	45.45	40.00	5C
m84073_231201_031203_s3/205194034/ccs	395	45.57	40.00	5C
m84073_231201_031203_s3/205390360/ccs	1195	50.38	25.20	5C
m84073_231201_031203_s3/44761747/ccs	478	53.56	30.09	5C
m84073_231201_031203_s3/44829333/ccs	29	62.07	40.00	5C
m84073_231201_031203_s3/228393758/ccs	779	54.69	22.72	5C
m84073_231201_031203_s3/45154794/ccs	700	52.57	24.66	5C
m84073_231201_031203_s3/39518894/ccs	262	51.53	34.77	5C
m84073_231201_031203_s3/39583928/ccs	318	54.72	40.00	5C
m84073_231201_031203_s3/62587269/ccs	614	52.93	20.55	5C
m84073_231201_031203_s3/46072976/ccs	892	50.34	30.99	5C
m84073_231201_031203_s3/39782070/ccs	354	40.40	28.96	5C
m84073_231201_031203_s3/52429937/ccs	890	50.00	21.54	5C
m84073_231201_031203_s3/64293754/ccs	1068	53.18	40.00	5C
m84073_231201_031203_s3/53020506/ccs	346	40.46	40.00	5C
m84073_231201_031203_s3/65078268/ccs	258	44.57	40.00	5C
m84073_231201_031203_s3/65080114/ccs	348	42.24	25.42	5C
m84073_231201_031203_s3/58656099/ccs	623	57.14	40.00	5C
m84073_231201_031203_s3/65342407/ccs	476	53.36	40.00	5C
m84073_231201_031203_s3/59115062/ccs	891	49.94	40.00	5C
m84073_231201_031203_s3/36438998/ccs	345	40.29	40.00	5C
m84073_231201_031203_s3/53938866/ccs	346	40.46	40.00	5C
m84073_231201_031203_s3/54067731/ccs	348	39.66	22.05	5C
m84073_231201_031203_s3/59901233/ccs	363	39.67	32.19	5C
m84073_231201_031203_s3/49021145/ccs	622	57.23	39.95	5C
m84073_231201_031203_s3/66324844/ccs	441	55.33	24.66	5C
m84073_231201_031203_s3/42926635/ccs	890	50.22	22.25	5C
m84073_231201_031203_s3/54462098/ccs	1214	52.64	39.34	5C
m84073_231201_031203_s3/66650543/ccs	157	53.50	29.89	5C
m84073_231201_031203_s3/36963451/ccs	1069	41.44	40.00	5C
m84073_231201_031203_s3/66847628/ccs	516	60.47	20.00	5C
m84073_231201_031203_s3/66914584/ccs	1072	41.32	30.52	5C
m84073_231201_031203_s3/67044570/ccs	351	40.17	26.19	5C
m84073_231201_031203_s3/54920904/ccs	29	62.07	39.40	5C
m84073_231201_031203_s3/43715075/ccs	450	61.56	24.59	5C
m84073_231201_031203_s3/55640947/ccs	111	54.95	40.00	5C
m84073_231201_031203_s3/38077486/ccs	777	54.70	22.83	5C
m84073_231201_031203_s3/5704092/ccs	29	62.07	40.00	5C
m84073_231201_031203_s3/29426256/ccs	622	56.91	39.57	5C
m84073_231201_031203_s3/39061078/ccs	346	40.46	40.00	5C
m84073_231201_031203_s3/29952010/ccs	892	50.34	40.00	5C
m84073_231201_031203_s3/24315682/ccs	623	56.98	39.87	5C
m84073_231201_031203_s3/24380653/ccs	345	40.29	40.00	5C
m84073_231201_031203_s3/31394265/ccs	310	38.71	25.13	5C
m84073_231201_031203_s3/8455271/ccs	369	40.11	36.82	5C
m84073_231201_031203_s3/8519912/ccs	623	57.14	40.00	5C
m84073_231201_031203_s3/25756258/ccs	349	42.41	40.00	5C
m84073_231201_031203_s3/19729225/ccs	280	54.29	40.00	5C
m84073_231201_031203_s3/9767633/ccs	695	39.28	24.32	5C
m84073_231201_031203_s3/33098708/ccs	710	39.01	40.00	5C
m84073_231201_031203_s3/10553951/ccs	347	40.63	25.39	5C
m84073_231201_031203_s3/89916241/ccs	30	60.00	30.45	5C
m84073_231201_031203_s3/83886865/ccs	627	56.78	34.37	5C
m84073_231201_031203_s3/5048312/ccs	39	35.90	40.00	5C
m84073_231201_031203_s3/73074384/ccs	512	60.74	22.40	5C
m84073_231201_031203_s3/84281812/ccs	648	56.48	22.41	5C
m84073_231201_031203_s3/73468653/ccs	338	47.63	24.32	5C
m84073_231201_031203_s3/96929349/ccs	354	40.68	21.51	5C
m84073_231201_031203_s3/79955239/ccs	332	44.58	20.45	5C
m84073_231201_031203_s3/80086448/ccs	1200	58.75	21.15	5C
m84073_231201_031203_s3/80153584/ccs	893	50.39	25.14	5C
m84073_231201_031203_s3/74580523/ccs	331	45.02	20.78	5C
m84073_231201_031203_s3/85984068/ccs	623	56.98	27.66	5C
m84073_231201_031203_s3/68092834/ccs	353	51.84	21.79	5C
m84073_231201_031203_s3/91620026/ccs	1198	50.42	38.98	5C
m84073_231201_031203_s3/74844157/ccs	704	55.68	40.00	5C
m84073_231201_031203_s3/68291258/ccs	508	60.83	40.00	5C
m84073_231201_031203_s3/68291333/ccs	346	40.46	27.11	5C
m84073_231201_031203_s3/74910043/ccs	349	42.41	40.00	5C
m84073_231201_031203_s3/68616407/ccs	29	62.07	40.00	5C
m84073_231201_031203_s3/68618680/ccs	35	45.71	39.74	5C
m84073_231201_031203_s3/75169959/ccs	623	56.98	40.00	5C
m84073_231201_031203_s3/75368073/ccs	623	56.98	21.66	5C
m84073_231201_031203_s3/81595219/ccs	346	40.46	23.05	5C
m84073_231201_031203_s3/81594102/ccs	1302	51.92	40.00	5C
m84073_231201_031203_s3/92277433/ccs	1949	49.97	20.52	5C
m84073_231201_031203_s3/98960192/ccs	641	57.41	30.46	5C
m84073_231201_031203_s3/87688372/ccs	29	55.17	40.00	5C
m84073_231201_031203_s3/87820787/ccs	622	56.75	26.09	5C
m84073_231201_031203_s3/87819613/ccs	891	49.94	39.70	5C
m84073_231201_031203_s3/69599474/ccs	512	60.74	21.18	5C
m84073_231201_031203_s3/92932620/ccs	508	60.83	39.82	5C
m84073_231201_031203_s3/69730351/ccs	349	42.41	40.00	5C
m84073_231201_031203_s3/93061495/ccs	346	40.46	39.77	5C
m84073_231201_031203_s3/88475120/ccs	345	40.29	37.97	5C
m84073_231201_031203_s3/93259716/ccs	35	28.57	32.93	5C
m84073_231201_031203_s3/100009836/ccs	589	44.31	21.65	5C
m84073_231201_031203_s3/70322969/ccs	346	40.46	40.00	5C
m84073_231201_031203_s3/83035885/ccs	524	58.02	40.00	5C
m84073_231201_031203_s3/100075408/ccs	512	60.55	26.89	5C
m84073_231201_031203_s3/83167771/ccs	0	0.00	26.89	5C
m84073_231201_031203_s3/88802515/ccs	1069	41.44	40.00	5C
m84073_231201_031203_s3/77334253/ccs	1217	33.11	21.43	5C
m84073_231201_031203_s3/83428677/ccs	27	66.67	16.03	5C
m84073_231201_031203_s3/89262380/ccs	0	0.00	16.03	5C
m84073_231201_031203_s3/100534090/ccs	1070	41.21	29.43	5C
m84073_231201_031203_s3/89393202/ccs	1201	49.46	40.00	5C
m84073_231201_031203_s3/128584045/ccs	1021	45.35	39.22	5C
m84073_231201_031203_s3/111870018/ccs	117	64.10	27.97	5C
m84073_231201_031203_s3/129173455/ccs	623	57.14	23.03	5C
m84073_231201_031203_s3/106496931/ccs	508	60.83	40.00	5C
m84073_231201_031203_s3/106496764/ccs	406	49.51	40.00	5C
m84073_231201_031203_s3/129370086/ccs	634	60.41	25.90	5C
m84073_231201_031203_s3/118294130/ccs	892	50.34	39.99	5C
m84073_231201_031203_s3/112919778/ccs	622	56.91	22.25	5C
m84073_231201_031203_s3/112984537/ccs	624	56.89	40.00	5C
m84073_231201_031203_s3/118948667/ccs	706	54.67	40.00	5C
m84073_231201_031203_s3/107283768/ccs	476	53.57	40.00	5C
m84073_231201_031203_s3/130154758/ccs	635	58.74	40.00	5C
m84073_231201_031203_s3/107415370/ccs	349	42.41	21.95	5C
m84073_231201_031203_s3/107807580/ccs	1070	41.40	39.92	5C
m84073_231201_031203_s3/101122375/ccs	1069	41.44	40.00	5C
m84073_231201_031203_s3/130483377/ccs	117	64.10	40.00	5C
m84073_231201_031203_s3/119538692/ccs	349	42.41	40.00	5C
m84073_231201_031203_s3/124257927/ccs	345	40.29	33.95	5C
m84073_231201_031203_s3/124520778/ccs	103	50.49	40.00	5C
m84073_231201_031203_s3/119933193/ccs	0	0.00	40.00	5C
m84073_231201_031203_s3/114428040/ccs	622	56.91	29.27	5C
m84073_231201_031203_s3/102236657/ccs	346	40.46	28.09	5C
m84073_231201_031203_s3/120392058/ccs	345	40.29	23.14	5C
m84073_231201_031203_s3/125307360/ccs	103	50.49	35.21	5C
m84073_231201_031203_s3/125568214/ccs	346	40.46	32.98	5C
m84073_231201_031203_s3/102695805/ccs	346	40.46	32.20	5C
m84073_231201_031203_s3/102893549/ccs	1218	52.87	20.53	5C
m84073_231201_031203_s3/103023999/ccs	622	56.91	40.00	5C
m84073_231201_031203_s3/121375011/ccs	345	40.29	40.00	5C
m84073_231201_031203_s3/121766349/ccs	349	42.41	31.36	5C
m84073_231201_031203_s3/110428939/ccs	304	43.09	33.47	5C
m84073_231201_031203_s3/133106668/ccs	349	42.41	40.00	5C
m84073_231201_031203_s3/110691705/ccs	634	58.68	29.42	5C
m84073_231201_031203_s3/122423326/ccs	349	42.41	40.00	5C
m84073_231201_031203_s3/133563142/ccs	29	62.07	30.41	5C
m84073_231201_031203_s3/133628779/ccs	1069	41.44	40.00	5C
m84073_231201_031203_s3/122684922/ccs	625	57.28	23.02	5C
m84073_231201_031203_s3/127928884/ccs	623	56.98	39.87	5C
m84073_231201_031203_s3/117049083/ccs	709	57.40	34.55	5C
m84073_231201_031203_s3/151259252/ccs	361	39.34	40.00	5C
m84073_231201_031203_s3/162335613/ccs	346	40.46	31.31	5C
m84073_231201_031203_s3/156697198/ccs	1554	45.11	39.33	5C
m84073_231201_031203_s3/139856561/ccs	892	50.34	40.00	5C
m84073_231201_031203_s3/145557914/ccs	893	50.06	28.72	5C
m84073_231201_031203_s3/151914859/ccs	603	54.23	40.00	5C
m84073_231201_031203_s3/145754324/ccs	71	61.97	18.83	5C
m84073_231201_031203_s3/140118353/ccs	637	60.75	21.29	5C
m84073_231201_031203_s3/152109748/ccs	926	42.55	22.13	5C
m84073_231201_031203_s3/152174921/ccs	703	45.80	39.99	5C
m84073_231201_031203_s3/163121644/ccs	1566	44.96	21.97	5C
m84073_231201_031203_s3/157680600/ccs	1068	41.48	27.38	5C
m84073_231201_031203_s3/157680179/ccs	1069	41.44	40.00	5C
m84073_231201_031203_s3/146279343/ccs	622	56.91	26.02	5C
m84073_231201_031203_s3/152502975/ccs	1949	49.97	40.00	5C
m84073_231201_031203_s3/134941416/ccs	349	42.41	40.00	5C
m84073_231201_031203_s3/146540521/ccs	346	40.46	40.00	5C
m84073_231201_031203_s3/157944163/ccs	631	56.89	22.45	5C
m84073_231201_031203_s3/164169143/ccs	891	49.94	40.00	5C
m84073_231201_031203_s3/141754621/ccs	623	57.14	40.00	5C
m84073_231201_031203_s3/135791634/ccs	349	42.41	40.00	5C
m84073_231201_031203_s3/147261700/ccs	476	53.36	27.98	5C
m84073_231201_031203_s3/153420529/ccs	643	57.54	23.42	5C
m84073_231201_031203_s3/153551857/ccs	1197	58.98	39.92	5C
m84073_231201_031203_s3/147589399/ccs	409	39.61	20.82	5C
m84073_231201_031203_s3/136382937/ccs	513	53.02	20.86	5C
m84073_231201_031203_s3/142477633/ccs	0	0.00	20.86	5C
m84073_231201_031203_s3/136578910/ccs	623	56.66	35.48	5C
m84073_231201_031203_s3/142803385/ccs	1071	41.36	32.46	5C
m84073_231201_031203_s3/136773973/ccs	1069	41.44	40.00	5C
m84073_231201_031203_s3/159910207/ccs	724	43.65	22.32	5C
m84073_231201_031203_s3/148570970/ccs	345	40.29	40.00	5C
m84073_231201_031203_s3/143395273/ccs	1163	55.29	40.00	5C
m84073_231201_031203_s3/160499811/ccs	1069	41.44	40.00	5C
m84073_231201_031203_s3/148767302/ccs	349	42.41	34.95	5C
m84073_231201_031203_s3/148767305/ccs	345	40.29	40.00	5C
m84073_231201_031203_s3/143592252/ccs	1070	41.40	39.05	5C
m84073_231201_031203_s3/155059799/ccs	267	38.95	21.09	5C
m84073_231201_031203_s3/160959291/ccs	120	45.83	40.00	5C
m84073_231201_031203_s3/143788789/ccs	961	51.40	18.98	5C
m84073_231201_031203_s3/137822743/ccs	349	42.41	39.97	5C
m84073_231201_031203_s3/143984003/ccs	73	45.21	34.30	5C
m84073_231201_031203_s3/166855045/ccs	346	40.46	40.00	5C
m84073_231201_031203_s3/155518190/ccs	339	47.79	40.00	5C
m84073_231201_031203_s3/138086185/ccs	345	40.58	26.04	5C
m84073_231201_031203_s3/138216263/ccs	510	60.78	25.51	5C
m84073_231201_031203_s3/155781520/ccs	1208	50.58	24.42	5C
m84073_231201_031203_s3/138477658/ccs	104	48.08	17.95	5C
m84073_231201_031203_s3/144574885/ccs	1069	41.44	40.00	5C
m84073_231201_031203_s3/156175057/ccs	350	42.29	38.49	5C
m84073_231201_031203_s3/161941761/ccs	623	56.82	40.00	5C
m84073_231201_031203_s3/144704893/ccs	510	60.78	25.99	5C
m84073_231201_031203_s3/139002331/ccs	476	53.36	28.67	5C
m84073_231201_031203_s3/145162470/ccs	346	40.46	40.00	5C
m84073_231201_031203_s3/150275363/ccs	504	60.71	22.28	5C
m84073_231201_031203_s3/185140605/ccs	803	41.72	26.24	5C
m84073_231201_031203_s3/185141045/ccs	349	51.29	37.34	5C
m84073_231201_031203_s3/190842426/ccs	275	46.91	40.00	5C
m84073_231201_031203_s3/185600156/ccs	349	42.41	40.00	5C
m84073_231201_031203_s3/150799845/ccs	1166	55.40	19.90	5C
m84073_231201_031203_s3/197266292/ccs	631	56.26	22.22	5C
m84073_231201_031203_s3/197527421/ccs	622	57.07	38.57	5C
m84073_231201_031203_s3/197985986/ccs	507	60.75	24.77	5C
m84073_231201_031203_s3/169020060/ccs	346	40.46	27.93	5C
m84073_231201_031203_s3/192742782/ccs	476	53.36	40.00	5C
m84073_231201_031203_s3/198246773/ccs	772	41.84	40.00	5C
m84073_231201_031203_s3/187303449/ccs	278	44.60	18.54	5C
m84073_231201_031203_s3/187500333/ccs	83	55.42	40.00	5C
m84073_231201_031203_s3/175637064/ccs	345	40.29	39.77	5C
m84073_231201_031203_s3/187763538/ccs	346	42.20	40.00	5C
m84073_231201_031203_s3/187892548/ccs	393	47.84	40.00	5C
m84073_231201_031203_s3/176032031/ccs	633	57.03	22.67	5C
m84073_231201_031203_s3/170066218/ccs	1069	41.44	39.99	5C
m84073_231201_031203_s3/176294765/ccs	144	61.11	24.71	5C
m84073_231201_031203_s3/170263859/ccs	603	54.39	40.00	5C
m84073_231201_031203_s3/170329096/ccs	623	56.98	23.53	5C
m84073_231201_031203_s3/181667707/ccs	349	42.41	40.00	5C
m84073_231201_031203_s3/194446262/ccs	349	42.41	39.32	5C
m84073_231201_031203_s3/176882891/ccs	890	50.22	31.77	5C
m84073_231201_031203_s3/188809886/ccs	0	0.00	31.77	5C
m84073_231201_031203_s3/195166332/ccs	504	60.52	25.33	5C
m84073_231201_031203_s3/200212761/ccs	332	44.58	33.97	5C
m84073_231201_031203_s3/200213485/ccs	169	49.11	23.34	5C
m84073_231201_031203_s3/189203047/ccs	104	48.08	40.00	5C
m84073_231201_031203_s3/195495342/ccs	346	40.46	40.00	5C
m84073_231201_031203_s3/189270881/ccs	664	40.81	40.00	5C
m84073_231201_031203_s3/171508855/ccs	348	41.09	25.13	5C
m84073_231201_031203_s3/182780847/ccs	29	62.07	40.00	5C
m84073_231201_031203_s3/171837332/ccs	118	50.00	40.00	5C
m84073_231201_031203_s3/183241276/ccs	345	40.29	40.00	5C
m84073_231201_031203_s3/201198159/ccs	346	42.20	36.21	5C
m84073_231201_031203_s3/172492961/ccs	1073	41.29	39.08	5C
